UIN,acd_institute_name,acd_institute_type,acd_department,acd_position,acd_city,acd_state,acd_country,acd_postal_code,acd_tenure_from_date,acd_tenure_to_date,acd_association_type,acd_source_url1,acd_source_url2,acd_source_url3,acd_processed_timestamp,acd_inserted_timestamp,acd_updated_timestamp,acd_processed_date,acd_inserted_date,acd_updated_date,acd_delete_flag_timestamp,acd_processed_date timestamp,acd_inserted_date timestamp,,,,
AP002739,"Kalinga Institute of Medical Sciences, Bhubaneswar",Academic,,Assistant Professor,Bhubaneswar,Odisha,India,751024,2014,2015,National,https://www.practo.com/guntur/doctor/k-subbarao-endocrinologist,,,14:24,14:24,,17/04/2025,17/04/2025,,,17/04/2025 14:24,17/04/2025 14:24,,,,#VALUE!
AP002739,"Konaseema Institute of Medical Sciences & Research Foundation, Amalapuram",Academic,,Assistant Professor,Amalapuram,Andhra Pradesh,India,533201,2014,2015,National,https://www.practo.com/guntur/doctor/k-subbarao-endocrinologist,,,14:24,14:24,,17/04/2025,17/04/2025,,,17/04/2025 14:24,17/04/2025 14:24,,,,
AP010567,NRI General Hospital,Hospital,Department of Endocrinology,Assistant Professor,Chinakakani,Andhra Pradesh,India,533201,2011,2014,National,https://sedh-drjaidev.com/about-the-doctor/,,,18:29,18:29,,12/06/2025,12/06/2025,,,12/06/2025 18:29,12/06/2025 18:29,,,,
AP010567,NRI General Hospital,Hospital,,Consultant Endocrinologist,Chinakakani,Andhra Pradesh,India,533201,2011,2014,National,https://sedh-drjaidev.com/about-the-doctor/,,,18:29,18:29,,12/06/2025,12/06/2025,,,12/06/2025 18:29,12/06/2025 18:29,,,,
AP010567,Royal Preston Hospital,Hospital,"Acute Medicine, Diabetes and Endocrinology",Consultant Physician,Preston,,United Kingdom,PR0 2AF,2008,2001,International,https://sedh-drjaidev.com/about-the-doctor/,,,18:29,18:29,,12/06/2025,12/06/2025,,,12/06/2025 18:29,12/06/2025 18:29,,,,
AP010567,North Manchester General Hospital,Hospital,"Diabetes & Endocrinology, General Medicine",Specialist Registrar,Manchester,,United Kingdom,M8 5RB,2004,2008,International,https://sedh-drjaidev.com/about-the-doctor/,,,18:29,18:29,,12/06/2025,12/06/2025,,,12/06/2025 18:29,12/06/2025 18:29,,,,
AP010567,Royal Preston Hospital,Hospital,"Diabetes & Endocrinology, General Medicine",Specialist Registrar,Preston,,United Kingdom,PR0 2AF,2004,2008,International,https://sedh-drjaidev.com/about-the-doctor/,,,18:29,18:29,,12/06/2025,12/06/2025,,,12/06/2025 18:29,12/06/2025 18:29,,,,
AP010567,Pinnamaneni Siddhartha Institute of Medical Sciences & Research Foundation,Academic,Department of Medicine,Assistant Professor,Gannavaram,Andhra Pradesh,India,533201,,2017,National,https://sedh-drjaidev.com/about-the-doctor/,,,18:29,18:29,,12/06/2025,12/06/2025,,,12/06/2025 18:29,12/06/2025 18:29,,,,
AP019740,Osmania General Hospital,Hospital,Department of Internal Medicine,Associate Professor,Hyderabad,Telangana,India,500012,2018,2019,National,https://www.practo.com/hyderabad/doctor/mohammed-anfas-general-physician,,,17:36,17:36,,15/04/2025,15/04/2025,,,15/04/2025 17:36,15/04/2025 17:36,,,,
AP021309,Apollo Medical College,Academic,,Assistant Professor,Hyderabad,Telangana,India,500096,2014,2014,National,https://www.practo.com/visakhapatnam/doctor/dr-ravi-46-general-physician,,,10:13,10:13,,26/04/2025,26/04/2025,,,26/04/2025 10:13,26/04/2025 10:13,,,,
AP022585,Dr. Mohans Diabetes Specialities Center,Hospital,,Consultant Diabetologist,Chennai,Tamil Nadu,India,600003,,,National,https://vgrdiabetes.in/about-us,,,18:12,18:12,,13/06/2025,13/06/2025,,,13/06/2025 18:12,13/06/2025 18:12,,,,
AP022712,Narayana Medical College,Academic,Department of General Medicine,Assistant Professor,Nellore,Andhra Pradesh,India,524003,2010,2012,National,https://www.practo.com/nellore/doctor/mv-rama-mohan-endocrinologist,,,18:22,18:22,,16/04/2025,16/04/2025,,,16/04/2025 18:22,16/04/2025 18:22,,,,
AP022712,"Narayana Medical College, Nellore",Academic,Department of General Medicine,Assistant Professor,Nellore,Andhra Pradesh,India,524003,2010,2012,National,https://www.linkedin.com/in/mvramamohan/details/experience/,,,18:22:23,18:22:23,,13/06/2025,13/06/2025,,,13/06/2025 18:22,13/06/2025 18:22,,,,
AP026268,Kurnool Medical College,Hospital,Department of Cardiology,Assistant Professor,Kurnool,Andhra Pradesh,India,518002,,,National,https://kurnoolmedicalcollege.ac.in/facultydetails.php?name=Cardiology,,,9:11:06,9:11:06,,10/06/2025,10/06/2025,,,10/06/2025 9:11,10/06/2025 9:11,,,,
AP032915,Kurnool Medical College,Academic,,Assistant Professor,Kurnool,Andhra Pradesh,India,518002,,,National,https://www.linkedin.com/in/dr-rajkumar-md-general-medicine-dm-cardiology-02091812/,,,18:47:49,18:47:49,,12/06/2025,12/06/2025,,,12/06/2025 18:47,12/06/2025 18:47,,,,
AS002231,Jorhat Medical College & Hospital,Hospital,,Assistant Professor,Jorhat,Assam,India,785001,,,National,https://www.medsynapse.app/doctors/dr-hiteswar-saikia-68692,,,12:49,12:49,,14/06/2025,14/06/2025,,,14/06/2025 12:49,14/06/2025 12:49,,,,
AS006621,Fakhruddin Ali Ahmed Medical College & Hospital,Hospital,,Associate Professor,Jaher Pam,Assam,India,781301,,,National,https://faamch.assam.gov.in/department-highlights-level-three/medicine/department/college,,,18:52,18:52,,12/06/2025,12/06/2025,,,12/06/2025 18:52,12/06/2025 18:52,,,,
AS019061,Jorhat Medical College,Hospital,,Associate Professor,Jorhat,Assam,India,785001,,,National,https://jorhatmedicalcollege.in/jmch/images/faculty_data/Faculty_Info_Cardio1.pdf,,,12:22,12:22,,14/06/2025,14/06/2025,,,14/06/2025 12:22,14/06/2025 12:22,,,,
BR006167,Jawahar Lal Nehru Medical College,Hospital,Department of Medicine,Associate Professor,Bhagalpur,Bihar,India,812001,,,National,https://curofy.com/doctor/dr-maya-nand-jha-general-practice-drmayanandjha,,,9:26,9:26,,10/06/2025,10/06/2025,,,10/06/2025 9:26,10/06/2025 9:26,,,,
BR006201,"Pravara Institute of Medical Sciences, Loni",Academic,Department of Cardiology,Assistant Professor,Loni,Maharashtra,India,413736,2007,2009,National,https://www.linkedin.com/in/kknursinghome/?originalSubdomain=in,,,17:17,17:17,,11/06/2025,11/06/2025,,,11/06/2025 17:17,11/06/2025 17:17,,,,
BR021468,All India Institute of Medical Sciences,Academic,Department of Pulmonary Medicine,Ex-Consultant Physician,New Delhi,Delhi,India,110029,,,National,https://drabhishekranjan.in/,,,9:50,9:50,,10/06/2025,10/06/2025,,,10/06/2025 9:50,10/06/2025 9:50,,,,
BR022056,Patna Medical College,Academic,,Associate Professor,Patna,Bihar,India,800001,2024,2025,National,https://www.linkedin.com/in/sunil-kumar-00079721/?,,,18:38,18:38,,12/06/2025,12/06/2025,,,12/06/2025 18:38,12/06/2025 18:38,,,,
BR022056,Patna Medical College,Academic,,Assistant Professor,Patna,Bihar,India,800001,2020,2025,National,https://www.linkedin.com/in/sunil-kumar-00079721/?,,,18:38,18:38,,12/06/2025,12/06/2025,,,12/06/2025 18:38,12/06/2025 18:38,,,,
BR022056,Patna Medical College,Academic,,Senior Resident,Patna,Bihar,India,800001,2011,2025,National,https://www.linkedin.com/in/sunil-kumar-00079721/?,,,18:38,18:38,,12/06/2025,12/06/2025,,,12/06/2025 18:38,12/06/2025 18:38,,,,
BR022056,Darbhanga Medical College,Academic,,Senior Resident,Darbhanga,Bihar,India,846003,2006,2008,National,https://www.linkedin.com/in/sunil-kumar-00079721/?,,,18:38:51,18:38:51,,12/06/2025,12/06/2025,,,12/06/2025 18:38,12/06/2025 18:38,,,,
BR024233,Nalanda Medical College,Academic,,Assistant Professor,Patna,Bihar,India,800026,,,National,https://www.linkedin.com/in/dr-vinit-kumar-a883b3117/?originalSubdomain=in,,,18:56:19,18:56:19,,13/06/2025,13/06/2025,,,13/06/2025 18:56,13/06/2025 18:56,,,,
CG004628,Jawaharlal Nehru Memorial Medical College & Dr. B.R. Ambedkar Memorial Hospital,Hospital,Department of Medicine,Associate Professor,Raipur,Chhattisgarh,India,492001,,,National,https://sanjeevani-lifebeyondcancer.com/faculty-speaks/dr-rohini-patel,,,17:07:23,17:07:23,,11/06/2025,11/06/2025,,,11/06/2025 17:07,11/06/2025 17:07,,,,
CG004788,Fortis O.P. Jindal Hospital & Research Center,Hospital,,Medical Director,Raigarh,Chhattisgarh,India,496001,,,National,https://drajayguptaraigarhclinic.com/about-us/,,,18:41,18:41,,12/06/2025,12/06/2025,,,12/06/2025 18:41,12/06/2025 18:41,,,,
CG004788,Fortis O.P. Jindal Hospital & Research Center,Hospital,,Senior Consultant Physician,Raigarh,Chhattisgarh,India,496001,,,National,https://drajayguptaraigarhclinic.com/about-us/,,,18:41,18:41,,12/06/2025,12/06/2025,,,12/06/2025 18:41,12/06/2025 18:41,,,,
DL005523,Hamdard Institute of Medical Sciences & Research,Hospital,,Professor,New Delhi,New Delhi,India,110062,,,National,https://www.himsr.co.in/doctor-profile/dr-vineet-jain/,,,17:55,17:55,,11/06/2025,11/06/2025,,,11/06/2025 17:55,11/06/2025 17:55,,,,
DL006045,Public Health Foundation of India,Academic,Certificate Course in Evidence Based Diabetes Management,Teaching Faculty,New Delhi,Delhi ,India,110030,2010,2014,National,https://www.practo.com/delhi/doctor/dr-r-k-marya-general-physician,,,18:30,18:30,,12/06/2025,12/06/2025,,,12/06/2025 18:30,12/06/2025 18:30,,,,
DL008813,Indraprastha Apollo Hospital,Hospital,,Senior Resident,New Delhi,Delhi ,India,110076,,,National,https://www.practo.com/delhi/doctor/dr-vikas-jain-1-general-physician,,,9:18,9:18,,10/06/2025,10/06/2025,,,10/06/2025 9:18,10/06/2025 9:18,,,,
DL008813,All Institute of Medical Sciences,Academic,,Senior Resident,New Delhi,Delhi ,India,110029,,,National,https://www.practo.com/delhi/doctor/dr-vikas-jain-1-general-physician,,,9:18,9:18,,10/06/2025,10/06/2025,,,10/06/2025 9:18,10/06/2025 9:18,,,,
DL008836,Venkateshwar Hospitals,Hospital,"Department of Endocrinology, Diabetology & Metabolic Disorders (Adult & Pediatric)",Head,New Delhi,Delhi,India,110075,2016,2019,National,https://www.linkedin.com/in/deep-dutta-2a886657/?originalSubdomain=in,,,18:56,18:56,,13/06/2025,13/06/2025,,,13/06/2025 18:56,13/06/2025 18:56,,,,
DL008836,Venkateshwar Hospitals,Hospital,"Department of Endocrinology, Diabetology & Metabolic Disorders (Adult & Pediatric)",Consultant,New Delhi,Delhi,India,110075,2016,2019,National,https://www.linkedin.com/in/deep-dutta-2a886657/?originalSubdomain=in,,,18:56:47,18:56:47,,13/06/2025,13/06/2025,,,13/06/2025 18:56,13/06/2025 18:56,,,,
DL008836,Post Graduate Institute of Medical Education & Research,Academic,,Professor,New Delhi,New Delhi,India,110001,2013,2016,National,https://www.practo.com/delhi/doctor/dr-prof-deep-dutta,,,17:19,17:19,,15/04/2025,15/04/2025,,,15/04/2025 17:19,15/04/2025 17:19,,,,
DL008836,Dr. Ram Manohar Lohia Hospital,Hospital,Department of Endocrinology,Senior Consultant,New Delhi,Delhi,India,110001,2013,2016,National,https://www.linkedin.com/in/deep-dutta-2a886657/?originalSubdomain=in,,,18:56:47,18:56:47,,13/06/2025,13/06/2025,,,13/06/2025 18:56,13/06/2025 18:56,,,,
DL008973,Maharaja Agrasen Hospital,Hospital,,Senior Consultant,New Delhi,Delhi,India,110026,2012,2021,National,http://endocrinologistdelhi.in/about.aspx,,,9:25:13,9:25:13,,10/06/2025,10/06/2025,,,10/06/2025 9:25,10/06/2025 9:25,,,,
DL008973,Maharaja Agrasen Hospital,Hospital,Department of Endocrinology & Diabetes,Head,New Delhi,Delhi,India,110026,2012,2021,National,http://endocrinologistdelhi.in/about.aspx,,,9:25,9:25,,10/06/2025,10/06/2025,,,10/06/2025 9:25,10/06/2025 9:25,,,,
DL008973,"Metro Hospital, Faridabad",Hospital,Department of Endocrinology & Diabetes,Consultant,Faridabad,Haryana,India,121002,2012,2012,National,http://endocrinologistdelhi.in/about.aspx,,,9:25,9:25,,10/06/2025,10/06/2025,,,10/06/2025 9:25,10/06/2025 9:25,,,,
DL008973,Jaipur Golden Hospital,Hospital,,Visiting Senior Consultant,Rohini,Delhi,India,110085,,,National,http://endocrinologistdelhi.in/about.aspx,,,9:25,9:25,,10/06/2025,10/06/2025,,,10/06/2025 9:25,10/06/2025 9:25,,,,
DL008973,Jaipur Golden Hospital,Hospital,,Endocrinologist,Rohini,Delhi,India,110085,,,National,http://endocrinologistdelhi.in/about.aspx,,,9:25,9:25,,10/06/2025,10/06/2025,,,10/06/2025 9:25,10/06/2025 9:25,,,,
DL008973,Jaipur Golden Hospital,Hospital,,Diabetologist,Rohini,Delhi,India,110085,,,National,http://endocrinologistdelhi.in/about.aspx,,,9:25:13,9:25:13,,10/06/2025,10/06/2025,,,10/06/2025 9:25,10/06/2025 9:25,,,,
DL008973,Max Hospital,Hospital,Department of Endocrinology & Diabetes,Visiting Consultant,New Delhi,Delhi,India,110088,,,National,http://endocrinologistdelhi.in/about.aspx,,,9:25:13,9:25:13,,10/06/2025,10/06/2025,,,10/06/2025 9:25,10/06/2025 9:25,,,,
DL009006,Maharaja Agrasen Hospital,Hospital,,Chief Cardiac Surgeon,New Delhi,Delhi,India,110026,,,National,https://www.dranilagarwalclinic.com/website-doctor-profile/dr-anil-k-agarwal-dr-anil-k-agarwal-clinic-in-west-delhi?doctorId=444,,,12:42,12:42,,14/06/2025,14/06/2025,,,14/06/2025 12:42,14/06/2025 12:42,,,,
DL009006,Maharaja Agrasen Hospital,Hospital,Department of CVTS,Head,New Delhi,Delhi,India,110026,,,National,https://www.dranilagarwalclinic.com/website-doctor-profile/dr-anil-k-agarwal-dr-anil-k-agarwal-clinic-in-west-delhi?doctorId=444,,,12:42:08,12:42:08,,14/06/2025,14/06/2025,,,14/06/2025 12:42,14/06/2025 12:42,,,,
DL009006,Escorts Heart Centre & Research Institute,Hospital,,Consultant Cardiac Surgeon,New Delhi,Delhi,India,110049,,,National,https://www.dranilagarwalclinic.com/website-doctor-profile/dr-anil-k-agarwal-dr-anil-k-agarwal-clinic-in-west-delhi?doctorId=444,,,12:42,12:42,,14/06/2025,14/06/2025,,,14/06/2025 12:42,14/06/2025 12:42,,,,
DL011033,Fortis Escorts Heart Institute,Academic,Cardiology,Cardiologist,New Delhi,Delhi,India,110049,1995,2025,National,https://www.linkedin.com/in/sameer-shrivastava-a506ab61/,,,17:45:09,17:45:09,,11/06/2025,11/06/2025,,,11/06/2025 17:45,11/06/2025 17:45,,,,
DL011389,Sir Ganga Ram Hospital,Hospital,Department of Internal Medicine,Junior Resident,New Delhi,Delhi ,India,110060,,,National,"https://www.practo.com/delhi/doctor/dr-prabhat-ranjan-general-physician#:~:text=MBBS-,Dr.,11%20years%20in%20this%20fields.",,,9:20,9:20,,10/06/2025,10/06/2025,,,10/06/2025 9:20,10/06/2025 9:20,,,,
DL011389,Deen Dayal Upadhaya Hospital,Hospital,Department of Internal Medicine,Senior Resident,New Delhi,Delhi ,India,110064,,,National,"https://www.practo.com/delhi/doctor/dr-prabhat-ranjan-general-physician#:~:text=MBBS-,Dr.,11%20years%20in%20this%20fields.",,,9:20,9:20,,10/06/2025,10/06/2025,,,10/06/2025 9:20,10/06/2025 9:20,,,,
DL018402,All India Institute of Medical Sciences,Academic,,Consultant,New Delhi,Delhi,India,110029,2015,2015,National,https://www.linkedin.com/in/utsav-sahu-a719b2112/?originalSubdomain=in,,,9:31,9:31,,10/06/2025,10/06/2025,,,10/06/2025 9:31,10/06/2025 9:31,,,,
DL020285,Banaras Hindu University,Academic,Department of Cardiology,Senior Resident,Varanasi,Uttar Pradesh,India,221005,2005,2008,National,https://www.practo.com/delhi/doctor/sanjiv-gupta-cardiologist?practice_id=667756&specialization=Syncope&referrer=doctor_listing&category_name=symptom&category_id=771,,,17:14,17:14,,11/06/2025,11/06/2025,,,11/06/2025 17:14,11/06/2025 17:14,,,,
DL021065,Postgraduate Institute of Medical Education and Research,Academic,,Junior Resident,,Chandigarh,India,160012,2019,2011,National,https://www.linkedin.com/in/dr-asharam-panda-md-dm-774365213/,,,12:43,12:43,,14/06/2025,14/06/2025,,,14/06/2025 12:43,14/06/2025 12:43,,,,
DL021065,"All India Institute of Medical Sciences, New Delhi",Academic,,Senior Resident,New Delhi,Delhi,India,110029,2016,2018,National,https://www.linkedin.com/in/dr-asharam-panda-md-dm-774365213/,,,12:43,12:43,,14/06/2025,14/06/2025,,,14/06/2025 12:43,14/06/2025 12:43,,,,
DL027581,Hamdard Institute of Medical Sciences and Research,Hospital,Internal Medicine Department,Assistant Professor,New Delhi,New Delhi,India,110062,,,National,https://www.himsr.co.in/doctor-profile/dr-dharmander-singh/,,,9:24:10,9:24:10,,10/06/2025,10/06/2025,,,10/06/2025 9:24,10/06/2025 9:24,,,,
DL027899,SMS Medical College,Academic,,Clinical Fellow,Jaipur,Rajasthan,India,302004,2018,2021,National,https://in.linkedin.com/in/dr-harnish-singh-bhatia-27038824,,,12:18,12:18,,14/06/2025,14/06/2025,,,14/06/2025 12:18,14/06/2025 12:18,,,,
DL027899,Kasturba Medical College,Academic,,Senior Resident,Manipal,Karnataka,India,576104,2018,2018,National,https://in.linkedin.com/in/dr-harnish-singh-bhatia-27038824,,,12:18,12:18,,14/06/2025,14/06/2025,,,14/06/2025 12:18,14/06/2025 12:18,,,,
DL029587,"Fortis Hospital, Noida",Hospital,,Director,Noida,Uttar Pradesh,India,209217,2015,2021,National,https://drvaibhavmishra.com/best-cardiac-surgeon-in-delhi-3/,,,12:24,12:24,,14/06/2025,14/06/2025,,,14/06/2025 12:24,14/06/2025 12:24,,,,
DL029587,"Fortis Hospital, Noida",Hospital,CTVS,Head,Noida,Uttar Pradesh,India,209217,2015,2021,National,https://drvaibhavmishra.com/best-cardiac-surgeon-in-delhi-3/,,,12:24,12:24,,14/06/2025,14/06/2025,,,14/06/2025 12:24,14/06/2025 12:24,,,,
DL029587,Royal Melbourne Hospital,Hospital,Adult Cardiothoracic Surgery,Advanced Fellow,Melbourne,Victoria,Australia,3001,2013,2015,International,https://drvaibhavmishra.com/best-cardiac-surgeon-in-delhi-3/,,,12:24,12:24,,14/06/2025,14/06/2025,,,14/06/2025 12:24,14/06/2025 12:24,,,,
DL029587,Melbourne Private Hospital,Hospital,Adult Cardiothoracic Surgery,Advanced Fellow,Parkville,Victoria,Australia,3050,2013,2015,International,https://drvaibhavmishra.com/best-cardiac-surgeon-in-delhi-3/,,,12:24,12:24,,14/06/2025,14/06/2025,,,14/06/2025 12:24,14/06/2025 12:24,,,,
DL029587,Wellington Regional Hospital,Hospital,Adult Cardiothoracic Surgery,Senior Fellow,Wellington,,New Zealand,5016,2010,2013,International,https://drvaibhavmishra.com/best-cardiac-surgeon-in-delhi-3/,,,12:24,12:24,,14/06/2025,14/06/2025,,,14/06/2025 12:24,14/06/2025 12:24,,,,
DL029587,"Fortis Hospital, New Delhi",Hospital,Department of Cardiac Surgery,Head,New Delhi,Delhi,India,110001,,,National,https://drvaibhavmishra.com/best-cardiac-surgeon-in-delhi-3/,,,12:24,12:24,,14/06/2025,14/06/2025,,,14/06/2025 12:24,14/06/2025 12:24,,,,
DL029587,Otago University,Academic,Department of Surgery,Honorary Clinical Lecturer,Wellington,,New Zealand,5016,,,International,https://drvaibhavmishra.com/best-cardiac-surgeon-in-delhi-3/,,,12:24,12:24,,14/06/2025,14/06/2025,,,14/06/2025 12:24,14/06/2025 12:24,,,,
DL030140,Hamdard Institute of Medical Sciences and Research,Hospital,Internal Medicine Department,Assistant Professor,New Delhi,New Delhi,India,110062,,,National,https://www.himsr.co.in/doctor-profile/dr-saood-malik/,,,9:08,9:08,,10/06/2025,10/06/2025,,,10/06/2025 9:08,10/06/2025 9:08,,,,
GJ006445,Sachdev Hospital,Academic,,Owner,Surat,Gujarat ,India,394201,2014,2015,National,https://www.linkedin.com/in/dr-ravi-jakka-a4226b29/?originalSubdomain=in,,,9:36,9:36,,10/06/2025,10/06/2025,,,10/06/2025 9:36,10/06/2025 9:36,,,,
GJ006445,Shree Mehta Sarvjaneek Hospital,Academic,Medicine Department,Junior Consultant,Somnath,Gujarat ,India,362560,2013,2014,National,https://www.linkedin.com/in/dr-ravi-jakka-a4226b29/?originalSubdomain=in,,,9:36:13,9:36:13,,10/06/2025,10/06/2025,,,10/06/2025 9:36,10/06/2025 9:36,,,,
GJ009957,Medilink Hospital,Hospital,,ICU Incharge,Ahmedabad,Gujarat,India,380052,2002,2003,National,https://drgauravchhaya.com/about.html,,,17:22,17:22,,11/06/2025,11/06/2025,,,11/06/2025 17:22,11/06/2025 17:22,,,,
GJ009957,Sterling Hospital,Hospital,,Physician,Ahmedabad,Gujarat,India,380052,2001,2004,National,https://drgauravchhaya.com/about.html,,,17:22:04,17:22:04,,11/06/2025,11/06/2025,,,11/06/2025 17:22,11/06/2025 17:22,,,,
GJ009957,Shiv Hospital,Hospital,Critical Care Unit,Physician,Rajkot,Gujarat,India,360001,2000,2000,National,https://drgauravchhaya.com/about.html,,,17:22:04,17:22:04,,11/06/2025,11/06/2025,,,11/06/2025 17:22,11/06/2025 17:22,,,,
GJ009957,Parekh Hospital,Hospital,,Assistant Physician,Rajkot,Gujarat,India,360001,,,National,https://drgauravchhaya.com/about.html,,,17:22,17:22,,11/06/2025,11/06/2025,,,11/06/2025 17:22,11/06/2025 17:22,,,,
GJ009957,"Satellite Hospital, Ahmedabad",Hospital,,Cardiologist Consultant,Ahmedabad,Gujarat,India,380052,,,National,https://drgauravchhaya.com/about.html,,,17:22:04,17:22:04,,11/06/2025,11/06/2025,,,11/06/2025 17:22,11/06/2025 17:22,,,,
GJ010217,Marengo CIMS Hospital,Hospital,,Clinical Care Consultant,Ahmedabad,Gujarat,India,380060,2012,2017,National,https://drjineshshah.com/about-profile/,,,18:06:53,18:06:53,,13/06/2025,13/06/2025,,,13/06/2025 18:06,13/06/2025 18:06,,,,
GJ010217,"Apollo Hospital, Ahmedabad",Hospital,Department of Hemato-oncology and Transplant Medicine,Hemato-oncology Physician,Ahmedabad,Gujarat,India,382428,2011,2012,National,https://drjineshshah.com/about-profile/,,,18:06,18:06,,13/06/2025,13/06/2025,,,13/06/2025 18:06,13/06/2025 18:06,,,,
GJ010217,Marengo CIMS Hospital,Hospital,,Clinical Care Director,Ahmedabad,Gujarat,India,380060,2009,2001,National,https://drjineshshah.com/about-profile/,,,18:06:53,18:06:53,,13/06/2025,13/06/2025,,,13/06/2025 18:06,13/06/2025 18:06,,,,
GJ010217,Aarna Superspeciality Hospital,Hospital,,Consultant Physician,Ahmedabad,Gujarat,India,380007,,,National,https://drjineshshah.com/about-profile/,,,18:06:53,18:06:53,,13/06/2025,13/06/2025,,,13/06/2025 18:06,13/06/2025 18:06,,,,
GJ010217,Aarna Superspeciality Hospital,Hospital,,Diabetologist,Ahmedabad,Gujarat,India,380007,,,National,https://drjineshshah.com/about-profile/,,,18:06,18:06,,13/06/2025,13/06/2025,,,13/06/2025 18:06,13/06/2025 18:06,,,,
GJ010217,Aarna Superspeciality Hospital,Hospital,,Cardiologist,Ahmedabad,Gujarat,India,380007,,,National,https://drjineshshah.com/about-profile/,,,18:06,18:06,,13/06/2025,13/06/2025,,,13/06/2025 18:06,13/06/2025 18:06,,,,
GJ025219,Sri Jayadeva Institute of Cardiovascular Sciences and Research,Academic,Cardiology,Assistant Professor,Bengaluru,Karnataka,India,560041,,,National,https://www.linkedin.com/in/meet-thacker-028353105,,,12:44,12:44,,14/06/2025,14/06/2025,,,14/06/2025 12:44,14/06/2025 12:44,,,,
GJ025219,Shri M P Shah Government Medical College,Academic,Internal Medicine,Assistant Professor,Jamnagar,Gujarat,India,361008,,,National,https://www.linkedin.com/in/meet-thacker-028353105,,,12:44,12:44,,14/06/2025,14/06/2025,,,14/06/2025 12:44,14/06/2025 12:44,,,,
GJ025219,Shri M P Shah Government Medical College,Academic,,Senior Registrar,Jamnagar,Gujarat,India,361008,,,National,https://www.linkedin.com/in/meet-thacker-028353105,,,12:44,12:44,,14/06/2025,14/06/2025,,,14/06/2025 12:44,14/06/2025 12:44,,,,
GJ028631,Rhythm Heart Institute Vadodara,Academic,,Consultant Interventional Cardiologist,Vadodara,Gujarat,India,390022,2019,2021,National,https://www.linkedin.com/in/dr-sanket-saraiya-16272b12b/,,,17:46,17:46,,11/06/2025,11/06/2025,,,11/06/2025 17:46,11/06/2025 17:46,,,,
HP001183,Indira Gandhi Medical College & Hospital,Hospital,,Associate Professor,Shimla,Himachal Pradesh,India,171001,,,National,http://www.igmcshimla.edu.in/cardio.jsp https://www.linkedin.com/in/rajeev-marwaha-5186a11a8/?originalSubdomain=in http://www.igmcshimla.edu.in/faculty.jsp#tabs-1,,,18:13,18:13,,13/06/2025,13/06/2025,,,13/06/2025 18:13,13/06/2025 18:13,,,,
HP001185,"MMU Medical College and Hospital, Solan",Hospital,,Assistant Professor,Solan,Himachal Pradesh,India,173229,2019,2021,National,https://www.linkedin.com/in/amit-verma-719602213/,,,9:39,9:39,,10/06/2025,10/06/2025,,,10/06/2025 9:39,10/06/2025 9:39,,,,
HR004998,Postgraduate Institute of Medical Education and Research,Academic,,Senior Resident,Chandigarh,Chandigarh,India,160012,1998,1999,National,https://www.practo.com/gurgaon/doctor/dr-joy-chakraborty-internal-medicine,,,12:29,12:29,,14/06/2025,14/06/2025,,,14/06/2025 12:29,14/06/2025 12:29,,,,
HR004998,Deen Dayal Upadhaya Hospital,Hospital,,Senior Resident,New Delhi,Delhi ,India,110064,1997,2000,National,https://www.practo.com/gurgaon/doctor/dr-joy-chakraborty-internal-medicine,,,12:29,12:29,,14/06/2025,14/06/2025,,,14/06/2025 12:29,14/06/2025 12:29,,,,
HR010853,Armed Forces Medical College,Academic,Department of Endocrinology,Assistant Professor,Pune,Maharashtra,India,411040,1990,1996,National,https://www.practo.com/gurgaon/doctor/abhay-ahluwalia-1-endocrinologist-endocrinologist,,,15:47,15:47,,29/04/2025,29/04/2025,,,29/04/2025 15:47,29/04/2025 15:47,,,,
JH005026,Mahatma Gandhi Medical College,Academic,Department of Internal Medicine,Assistant Professor,Pillayarkuppam,Puducherry,India,607402,2016,2016,National,https://www.practo.com/kota/doctor/dr-pankaj-verma-2-infectious-diseases-physician/stories?fingerprint=8939e34a-4877-488a-bce2-aa1de341af90&from_amp=true,,,17:14,17:14,,19/04/2025,19/04/2025,,,19/04/2025 17:14,19/04/2025 17:14,,,,
JH006058,Rajendra Institute of Medical Sciences,Hospital,Department of Cardiology,Associate Professor,Ranchi,Jharkhand,India,834009,,,National,https://rimsranchi.ac.in/dept/cardiology.php,,,12:25,12:25,,14/06/2025,14/06/2025,,,14/06/2025 12:25,14/06/2025 12:25,,,,
KA000099,Karnataka Medical College and Research Institute,Academic,Internal Medicine,Physician,Hubli,Karnataka,India,580022,2010,2013,National,https://www.linkedin.com/in/dr-sagar-desai-b6680b81/?originalSubdomain=in,,,18:56,18:56,,12/06/2025,12/06/2025,,,12/06/2025 18:56,12/06/2025 18:56,,,,
KA005551,Dr. B.R Ambedkar Medical College,Academic,,Assistant professor,Bengaluru,Karnataka,India,560045,2010,2016,National,https://www.linkedin.com/in/dr-ambanna-gowda-b36a20123/details/experience/,,,9:34:04,9:34:04,,10/06/2025,10/06/2025,,,10/06/2025 9:34,10/06/2025 9:34,,,,
KA009498,Sri Jayadeva Institute of Cardiology,Academic,Department of Cardiology,Professor,Bengaluru,Karnataka,India,560041,1994,2014,National,https://www.practo.com/bangalore/doctor/dr-ramesh-21-cardiologist,,,12:13,12:13,,14/06/2025,14/06/2025,,,14/06/2025 12:13,14/06/2025 12:13,,,,
KA009498,Sri Jayadeva Institute of Cardiology,Academic,Department of Cardiology,Assistant Professor,Bengaluru,Karnataka,India,560041,1989,1994,National,https://www.practo.com/bangalore/doctor/dr-ramesh-21-cardiologist,,,12:13,12:13,,14/06/2025,14/06/2025,,,14/06/2025 12:13,14/06/2025 12:13,,,,
KA010280,St John's Medical College Hospital,Hospital,Department of Endocrinology,Assistant Professor,Bengaluru,Karnataka,India,560034,2009,2013,National,https://www.practo.com/bangalore/doctor/dr-anantharaman-r-diabetologist-2?practice_id=693752&specialization=Hyperthyroidism&referrer=doctor_listing&category_name=symptom&category_id=165,,,10:12,10:12,,15/04/2025,15/04/2025,,,15/04/2025 10:12,15/04/2025 10:12,,,,
KA010632,Sri Jayadeva Institute of Cardiovascular Sciences and Research,Hospital,Department of Cardiology,Assistant Professor,Bengaluru,Karnataka,India,560069,,,National,https://jayadevacardiology.com/director_staff.html https://jayadevacardiology.com/opd_days_doctors.html https://www.linkedin.com/in/shanmugam-krishnan-7a48177b/?originalSubdomain=in,,,12:39,12:39,,14/06/2025,14/06/2025,,,14/06/2025 12:39,14/06/2025 12:39,,,,
KA011283,"JJM Medical College,Davanagere",Hospital,Department of General Medicine,Associate Professor,Davanagere,Karnataka,India,577004,,,National,https://www.jjmmc.org/departments/general-medicine/pradeep.php,,,12:22,12:22,,14/06/2025,14/06/2025,,,14/06/2025 12:22,14/06/2025 12:22,,,,
KA011693,Sri Jayadeva Institute of Cardiovascular Sciences and Research,Academic,Department of Cardiology,Lecturer,Bengaluru,Karnataka,India,560041,1999,2015,National,https://www.practo.com/bangalore/doctor/dr-bagirath-raghuraman-cardiologist,,,18:16,18:16,,15/04/2025,15/04/2025,,,15/04/2025 18:16,15/04/2025 18:16,,,,
KA012534,Trustwell Hospital,Hospital,,Heart Failure Specialist,Bengaluru,Karnataka,India,560002,,,National,https://www.drameetoswal.com/,,,17:34,17:34,,11/06/2025,11/06/2025,,,11/06/2025 17:34,11/06/2025 17:34,,,,
KA012534,Bhagwan Mahaveer Jain Hospital,Hospital,,Consultant,Bengaluru,Karnataka,India,560052,,,National,https://www.drameetoswal.com/,,,17:34,17:34,,11/06/2025,11/06/2025,,,11/06/2025 17:34,11/06/2025 17:34,,,,
KA012534,Kempegowda Institute of Medical Sciences,Academic,Department of Cardiology,Associate Professor,Bengaluru,Karnataka,India,560002,,,National,https://www.drameetoswal.com/,,,17:34,17:34,,11/06/2025,11/06/2025,,,11/06/2025 17:34,11/06/2025 17:34,,,,
KA012534,Aesthetic Heart Dermatology & Cardiology Clinic,Hospital,,Specialist Cardiologist,Bengaluru,Karnataka,India,560041,,,National,https://www.drameetoswal.com/,,,17:34,17:34,,11/06/2025,11/06/2025,,,11/06/2025 17:34,11/06/2025 17:34,,,,
KA013595,Sri Jayadeva Institute of Cardiovascular Sciences and Research,Hospital,Department of Cardiology,Associate Professor,Bengaluru,Karnataka,India,560069,,,National,https://jayadevacardiology.com/opd_days_doctors.html https://jayadevacardiology.com/director_staff.html,,,9:38,9:38,,10/06/2025,10/06/2025,,,10/06/2025 9:38,10/06/2025 9:38,,,,
KA015145,Government Medical College Thiruvananthapuram,Academic,Department of Cardiology,Assistant Professor,Thiruvananthapuram,Kerala,India,695011,2018,2019,National,https://www.linkedin.com/in/varun-kulkarni-9333a4b1/,,,18:57,18:57,,12/06/2025,12/06/2025,,,12/06/2025 18:57,12/06/2025 18:57,,,,
KA015145,Navodaya Medical College Hospital & Research Centre,Hospital,,Assistant Professor,Raichur,Karnataka,India,584103,2013,2014,National,https://www.linkedin.com/in/varun-kulkarni-9333a4b1/,,,18:57,18:57,,12/06/2025,12/06/2025,,,12/06/2025 18:57,12/06/2025 18:57,,,,
KA015145,Sri Jayadeva Institute of Cardiovascular Sciences and Research,Academic,Department of Cardiology,Assistant Professor,Bengaluru,Karnataka,India,560041,,2019,National,https://www.linkedin.com/in/varun-kulkarni-9333a4b1/,,,18:57,18:57,,12/06/2025,12/06/2025,,,12/06/2025 18:57,12/06/2025 18:57,,,,
KA015145,Mahidol Oxford Tropical Medicine Research Unit,Academic,,Research Assistant,Bangkok,,Thailand,10400,,2011,International,https://www.linkedin.com/in/varun-kulkarni-9333a4b1/,,,18:57,18:57,,12/06/2025,12/06/2025,,,12/06/2025 18:57,12/06/2025 18:57,,,,
KA016367,"Apollo Hospital, Bengaluru",Hospital,,Consultant Cardiologist,Bengaluru,Karnataka,India,560076,2009,2011,National,https://www.linkedin.com/in/ramamurthy-bingi-b86ba019/?originalSubdomain=in,,,9:38:49,9:38:49,,10/06/2025,10/06/2025,,,10/06/2025 9:38,10/06/2025 9:38,,,,
KA016367,"Apollo Hospital, Bengaluru",Hospital,,Coordinator,Bengaluru,Karnataka,India,560076,2009,2011,National,https://www.linkedin.com/in/ramamurthy-bingi-b86ba019/?originalSubdomain=in,,,9:38:49,9:38:49,,10/06/2025,10/06/2025,,,10/06/2025 9:38,10/06/2025 9:38,,,,
KA016367,Panacea Hospital,Hospital,,Interventional Cardiologist,Bengaluru,Karnataka,India,560072,,2017,National,https://www.linkedin.com/in/ramamurthy-bingi-b86ba019/?originalSubdomain=in,,,9:38:49,9:38:49,,10/06/2025,10/06/2025,,,10/06/2025 9:38,10/06/2025 9:38,,,,
KA016367,Sri Jayadeva Institute of Cardiovascular Sciences and Research,Academic,Department of Cardiology,Professor,Bengaluru,Karnataka,India,560041,,,National,https://www.linkedin.com/in/ramamurthy-bingi-b86ba019/?originalSubdomain=in,,,9:38,9:38,,10/06/2025,10/06/2025,,,10/06/2025 9:38,10/06/2025 9:38,,,,
KA016367,Bangalore Hospital,Hospital,,Consultant Cardiologist,Bengaluru,Karnataka,India,560004,,2015,National,https://www.linkedin.com/in/ramamurthy-bingi-b86ba019/?originalSubdomain=in,,,9:38,9:38,,10/06/2025,10/06/2025,,,10/06/2025 9:38,10/06/2025 9:38,,,,
KA016557,Sri Jayadeva Institute of Cardiovascular Sciences and Research,Academic,Department of Cardiology,Associate Professor,Mysuru,Karnataka,India,570016,,,National,https://www.practo.com/bangalore/doctor/kapil-rangan-cardiologist,,,9:46,9:46,,10/06/2025,10/06/2025,,,10/06/2025 9:46,10/06/2025 9:46,,,,
KA016557,Sri Jayadeva Institute of Cardiovascular Sciences and Research,Academic,Department of Cardiology,Assistant Professor,Mysuru,Karnataka,India,570016,,,National,https://www.practo.com/bangalore/doctor/kapil-rangan-cardiologist,,,9:46,9:46,,10/06/2025,10/06/2025,,,10/06/2025 9:46,10/06/2025 9:46,,,,
KA016830,Government Medical College,Academic,Department of Endocrinology,Assistant Professor,Hubballi,Karnataka,India,580022,2008,2011,National,https://www.practo.com/bangalore/doctor/shivaprasad-ks-endocrinologist-1,,,11:40,11:40,,25/04/2025,25/04/2025,,,25/04/2025 11:40,25/04/2025 11:40,,,,
KA016853,Vydehi Institute of Medical Sciences & Research Centre,Hospital,Cardiac Sciences Department,Associate Professor,Bengaluru,Karnataka,India,560066,,,National,https://vims.ac.in/vims-hospital/cardiology-hospital/ https://www.1mg.com/doctors/dr-vijay-sai-v-chowdekar-cardiology-in-bengaluru/DR-xgwx5?srsltid=AfmBOooh2gt0bDYZzjAK64qr8o8NF2WJaVS_kFRU169Y2kgdnc_GHdiJ&wpsrc=Google+Organic+Search https://www.linkedin.com/in/vijay-sai-chowdekar-83968915a/?originalSubdomain=in https://mymedisage.com/profile/dr-vijaysai-chowdekar-v2,,,9:19,9:19,,10/06/2025,10/06/2025,,,10/06/2025 9:19,10/06/2025 9:19,,,,
KA017728,KLE Academy of Higher Education & Research,Academic,Department of Cardiology,Professor,Belagavi,Karnataka,India,590010,,,National,https://drsanjayporwal.com/best-cardiologist-doctor-in-belgaum.html,,,9:41:04,9:41:04,,10/06/2025,10/06/2025,,,10/06/2025 9:41,10/06/2025 9:41,,,,
KA017728,"KLE's Dr. Prabhakar Kore Hospital & Medical Research Centre, Belagavi",Hospital,,Senior Interventional Cardiologist,Belagavi,Karnataka,India,590010,,,National,https://drsanjayporwal.com/best-cardiologist-doctor-in-belgaum.html,,,9:41,9:41,,10/06/2025,10/06/2025,,,10/06/2025 9:41,10/06/2025 9:41,,,,
KA017728,Jaslok Hospital,Hospital,,Ex -Honorary Consultant,Mumbai,Maharashtra,India,400026,,,National,https://drsanjayporwal.com/best-cardiologist-doctor-in-belgaum.html,,,9:41,9:41,,10/06/2025,10/06/2025,,,10/06/2025 9:41,10/06/2025 9:41,,,,
KA017728,Jaslok Hospital,Hospital,,Interventional Cardiologist,Mumbai,Maharashtra,India,400026,,,National,https://drsanjayporwal.com/best-cardiologist-doctor-in-belgaum.html,,,9:41,9:41,,10/06/2025,10/06/2025,,,10/06/2025 9:41,10/06/2025 9:41,,,,
KA018068,Sri Devaraj Urs Academy of Higher Education and Research,Academic,,Assistant Professor,Kolar,Karnataka,India,563101,2006,2011,National,https://www.practo.com/bangalore/doctor/dr-chetan-2-gastroenterologist,,,12:55,12:55,,22/04/2025,22/04/2025,,,22/04/2025 12:55,22/04/2025 12:55,,,,
KA019758,Sri Jayadeva Institute of Cardiovascular Sciences and Research,Hospital,Department of Cardiology,Associate Professor,Bengaluru,Karnataka,India,560069,,,National,https://jayadevacardiology.com/opd_days_doctors.html https://jayadevacardiology.com/director_staff.html,,,9:10,9:10,,10/06/2025,10/06/2025,,,10/06/2025 9:10,10/06/2025 9:10,,,,
KA019804,M S Ramaiah Memorial Hospital,Hospital,Department of Cardiology,Professor,Bengaluru,Karnataka,India,560054,,,National,https://www.practo.com/bangalore/doctor/dr-v-s-prakash-cardiologist,,,18:03,18:03,,16/04/2025,16/04/2025,,,16/04/2025 18:03,16/04/2025 18:03,,,,
KA020152,"Kasturba Medical College, Manipal",Hospital,Department of Medicine,Associate professor,Manipal,Karnataka,India,576104,,,National,https://www.manipal.edu/kmc-manipal/department-faculty/faculty-list/rama-moorthi/_jcr_content.html,,,17:17,17:17,,11/06/2025,11/06/2025,,,11/06/2025 17:17,11/06/2025 17:17,,,,
KA020366,"Kasturba Medical College, Manipal",Hospital,,Associate Professor,Manipal,Karnataka,India,576104,,,National,https://www.manipal.edu/kmc-manipal/department-faculty/faculty-list/raghavendra-rao-s/_jcr_content.html,,,9:16,9:16,,10/06/2025,10/06/2025,,,10/06/2025 9:16,10/06/2025 9:16,,,,
KA028073,Sri Jayadeva Institute of Cardiovascular Sciences and Research,Hospital,Department of Cardiology,Professor,Bengaluru,Karnataka,India,560069,,,National,https://jayadevacardiology.com/director_staff.html https://jayadevacardiology.com/opd_days_doctors.html,,,9:49,9:49,,10/06/2025,10/06/2025,,,10/06/2025 9:49,10/06/2025 9:49,,,,
KA028479,Sri Jayadeva Institute of Cardiovascular Sciences and Research,Hospital,Department of Cardiology,Assistant Professor,Bengaluru,Karnataka,India,560069,,,National,https://jayadevacardiology.com/director_staff.html https://jayadevacardiology.com/opd_days_doctors.html,,,17:58,17:58,,11/06/2025,11/06/2025,,,11/06/2025 17:58,11/06/2025 17:58,,,,
KA029439,Sri Jayadeva Institute of Cardiovascular Sciences and Research,Hospital,Department of Cardiology,Associate Professor,Bengaluru,Karnataka,India,560069,,,National,https://jayadevacardiology.com/director_staff.html https://jayadevacardiology.com/opd_days_doctors.html,,,17:12,17:12,,11/06/2025,11/06/2025,,,11/06/2025 17:12,11/06/2025 17:12,,,,
KA029696,Kasturba Hospital,Hospital,Department of Internal Medicine,Assistant Professor,Tumakuru,Karnataka,India,572102,2007,2008,National,https://www.practo.com/bangalore/doctor/g-vivek-cardiologist?practice_id=1312752,,,17:06:35,17:06:35,,11/06/2025,11/06/2025,,,11/06/2025 17:06,11/06/2025 17:06,,,,
KA035351,Sri Jayadeva Institute of Cardiovascular Sciences and Research,Hospital,Department of Vascular Surgery,Associate Professor,Bengaluru,Karnataka,India,560041,,,National,https://jayadevacardiology.karnataka.gov.in/storage/pdf-files/DIRECTOR%20%20FACULTIES%20AND%20STAFF%20AS%20ON%2001%2006%202021.pdf,,,17:30,17:30,,11/06/2025,11/06/2025,,,11/06/2025 17:30,11/06/2025 17:30,,,,
KA037568,Sri Siddhartha Medical College and Hospital,Hospital,Department of General Medicine,Assistant Professor,Tumakuru,Karnataka,India,572107,,,National,https://www.ssmctumkur.org/faculty-General-medicine.html https://mymedisage.com/profile/dr-sharathkumar-j-v-v9,,,17:36,17:36,,11/06/2025,11/06/2025,,,11/06/2025 17:36,11/06/2025 17:36,,,,
KA038860,Sri Jayadeva Institute of Cardiovascular Sciences and Research,Hospital,Department of Cardiology,Assistant Professor,Bengaluru,Karnataka,India,560069,,,National,https://jayadevacardiology.com/director_staff.html https://jayadevacardiology.com/opd_days_doctors.html https://heart.cmesociety.com/2020/speaker/chetana-krishnegowda-sri-jayadeva-institute-of-cardiovascular-sciences-and-research-bangalore-india,,,17:39,17:39,,11/06/2025,11/06/2025,,,11/06/2025 17:39,11/06/2025 17:39,,,,
KA040203,Sri Jayadeva Institute of Cardiovascular Sciences and Research,Hospital,Department of Electrophysiology,Assistant Professor,Bengaluru,Karnataka,India,560069,,,National,https://jayadevacardiology.com/director_staff.html https://www.manipalhospitals.com/oldairportroad/doctors/dr-darshan-krishnappa-consultant-cardiac-electrophysiologist/ https://www.linkedin.com/in/darshan-krishnappa-aaa01687/?originalSubdomain=in,,,17:24,17:24,,11/06/2025,11/06/2025,,,11/06/2025 17:24,11/06/2025 17:24,,,,
KA040467,S. Nijalingappa Medical College and HSK Hospital,Hospital,,Assistant Professor,Bagalkote,Karnataka,India,587101,,,National,https://snmcbgk.in/medical%20college/Teaching%20staff%20list.pdf,,,17:55,17:55,,11/06/2025,11/06/2025,,,11/06/2025 17:55,11/06/2025 17:55,,,,
KA042008,Sri Jayadeva Institute of Cardiovascular Sciences and Research,Academic,,Staff,Bengaluru,Karnataka,India,560041,,,National,https://www.linkedin.com/in/goutam-yelsangikar-488a32166/?originalSubdomain=in,,,18:24,18:24,,12/06/2025,12/06/2025,,,12/06/2025 18:24,12/06/2025 18:24,,,,
KA043887,"Kodagu Institute of Medical Sciences, Madikeri",Hospital,Department of Community Medicine,Associate Professor,Madikeri,Karnataka,India,571201,,,National,https://kimskodagu.karnataka.gov.in/new-page/Staff/en,,,17:46,17:46,,11/06/2025,11/06/2025,,,11/06/2025 17:46,11/06/2025 17:46,,,,
KL000304,Government General Hospital Kozhikode,Hospital,,Senior Consultant Interventional Cardiologist,Kozhikode,Kerala,India,673032,,,National,https://drharikrishnad.com/,,,9:29,9:29,,10/06/2025,10/06/2025,,,10/06/2025 9:29,10/06/2025 9:29,,,,
KL000304,PVS Sunrise Hospital Calicut,Hospital,Coronary & Endovascular Interventions,Head,Kozhikode,Kerala,India,673002,,,National,https://drharikrishnad.com/,,,9:29,9:29,,10/06/2025,10/06/2025,,,10/06/2025 9:29,10/06/2025 9:29,,,,
KL000304,"Sahakarana Hrudayalaya, Pariyaram Medical College",Academic,Department of Cardiology,Associate Professor,Kannur,Kerala,India,695011,,,National,https://drharikrishnad.com/,,,9:29:29,9:29:29,,10/06/2025,10/06/2025,,,10/06/2025 9:29,10/06/2025 9:29,,,,
KL000304,"Sahakarana Hrudayalaya, Pariyaram Medical College",Academic,,DM Training Faculty,Kannur,Kerala,India,695011,,,National,https://drharikrishnad.com/,,,9:29:29,9:29:29,,10/06/2025,10/06/2025,,,10/06/2025 9:29,10/06/2025 9:29,,,,
KL000304,"Sahakarana Hrudayalaya, Pariyaram Medical College",Academic,,Consultant Interventional Cardiologist,Kannur,Kerala,India,695011,,,National,https://drharikrishnad.com/,,,9:29:29,9:29:29,,10/06/2025,10/06/2025,,,10/06/2025 9:29,10/06/2025 9:29,,,,
KL000304,"Government Medical College, Thrissur",Academic,Department of Cardiology,Senior Lecturer,Thrissur,Kerala,India,695011,,,National,https://drharikrishnad.com/,,,9:29:29,9:29:29,,10/06/2025,10/06/2025,,,10/06/2025 9:29,10/06/2025 9:29,,,,
KL000304,Koyas Hospital,Hospital,,Physician,Cheruvannur,Kerala,India,673631,,,National,https://drharikrishnad.com/,,,9:29,9:29,,10/06/2025,10/06/2025,,,10/06/2025 9:29,10/06/2025 9:29,,,,
KL006766,MES Dental College,Hospital,Department of General Medicine,Associate Professor,Malappuram,Kerala,India,679321,,,National,https://mesdc.edu.in/general-medicine/ https://www.researchgate.net/profile/Ram-Narayan-3,,,18:24,18:24,,12/06/2025,12/06/2025,,,12/06/2025 18:24,12/06/2025 18:24,,,,
KL009139,"Govt Medical College, Kozhikode",Academic,Department of Cardiology,Professor,Kozhikode,Kerala,India,673008,2010,2010,National,https://www.linkedin.com/in/sajeev-c-g-10390b42/?originalSubdomain=in,,,18:24,18:24,,12/06/2025,12/06/2025,,,12/06/2025 18:24,12/06/2025 18:24,,,,
KL012718,Jubilee Mission Medical College and Research Institute,Hospital,Department of Internal Medicine,Assistant Professor,Thrissur,Kerala,India,680005,,,National,https://www.jmmc.ac.in/generalmedicine.php https://www.linkedin.com/in/hari-krishnan-701ba7269/?originalSubdomain=in https://www.facebook.com/harikrishnan.b.l/,,,18:10,18:10,,12/06/2025,12/06/2025,,,12/06/2025 18:10,12/06/2025 18:10,,,,
KL012731,Government Medical College,Academic,Department of Cardiology,Professor,Thiruvananthapuram,Kerala,India,695011,,,National,https://www.practo.com/thiruvananthapuram/doctor/dr-vv-radhakrishnan-cardiologist,,,14:03,14:03,,19/04/2025,19/04/2025,,,19/04/2025 14:03,19/04/2025 14:03,,,,
KL017291,"Government Medical College, Kozhikode",Hospital,Department of Cardiology,Associate Professor,Kozhikode,Kerala,India,673008,,,National,https://www.cardiologycmc.in/index.php/dm-cardiology-alumini/2-uncategorised/39-dr-sajeer-kt https://www.linkedin.com/in/sajeer-kalathingathodika-5b5a63357/?originalSubdomain=in,,,18:36,18:36,,13/06/2025,13/06/2025,,,13/06/2025 18:36,13/06/2025 18:36,,,,
KL028935,Amrita Hospital,Hospital,Department of Internal Medicine,Assistant Professor,Ernakulam,Kerala,India,682041,2002,2006,National,https://www.practo.com/ernakulam/doctor/tom-babu-endocrinologist,,,18:49,18:49,,13/06/2025,13/06/2025,,,13/06/2025 18:49,13/06/2025 18:49,,,,
KL028995,Sree Gokulam Medical College,Hospital,Department of Endocrinology,Assistant Professor,Thiruvananthapuram,Kerala,India,695607,,,National,https://sgmc.in/hospital/doctor/418/mohan-t-shenoy https://skhospitals.com/Doctor/Dr-Mohan-T-Shenoy https://drmohanshenoy.com/about/#,,,18:51,18:51,,13/06/2025,13/06/2025,,,13/06/2025 18:51,13/06/2025 18:51,,,,
KL030141,"Government Medical College, Kannur",Hospital,Department of Cardiology,Assistant Professor,Pariyaram,Kerala,India,670503,,,National,https://www.linkedin.com/in/dr-shyam-lakshman-s-g-a5017768/?originalSubdomain=in,,,18:30,18:30,,13/06/2025,13/06/2025,,,13/06/2025 18:30,13/06/2025 18:30,,,,
KL034919,Velammal Medical College Hospital And Research Institute,Hospital,,Associate Professor,Madurai,Tamil Nadu,India,625009,,,National,https://www.linkedin.com/in/doctorsaravanan/?originalSubdomain=in,,,17:21,17:21,,11/06/2025,11/06/2025,,,11/06/2025 17:21,11/06/2025 17:21,,,,
MH007936,Wanless Hospital,Hospital,,Consultant Interventional Cardiologist,Miraj,Maharashtra,India,416410,,,National,https://www.drriyajmujawar.in/cardiologist-in-sangli/Cardiology/Dr-Riyaj-Mujawar/Sangli-Miraj-Rd-Miraj/1161,,,12:26,12:26,,14/06/2025,14/06/2025,,,14/06/2025 12:26,14/06/2025 12:26,,,,
MH024022,Kempegowda Institute Of Medical Sciencess,Academic,,Assistant Professor,Bengaluru,Karnataka,India,560004,2015,2016,National,https://www.practo.com/delhi/doctor/dr-anupam-biswas-endocrinologist-1,,,11:03,11:03,,17/04/2025,17/04/2025,,,17/04/2025 11:03,17/04/2025 11:03,,,,
MH033131,"D Y Patil Medical College, Kolhapur",Academic,,Professor,Kolhapur,Maharashtra,India,416005,1990,2025,National,https://www.linkedin.com/in/vinay-wagh-96472b77/,,,18:21,18:21,,12/06/2025,12/06/2025,,,12/06/2025 18:21,12/06/2025 18:21,,,,
MH033408,B.J. Govt. Medical College and Sassoon General Hospital,Hospital,Department of Internal Medicine,Assistant Professor,Pune,Maharashtra,India,411001,2003,2004,National,https://www.practo.com/nashik/doctor/dr-rajendra-deshmukh-cardiologist,,,12:45,12:45,,14/06/2025,14/06/2025,,,14/06/2025 12:45,14/06/2025 12:45,,,,
MH034174,Nizam's Institute of Medical Sciences,Academic,Department of Cardiology,Ex-Assistant Professor,Hyderabad,Telangana,India,500082,,,National,https://www.drsuryawanshiheartcare.com/site/profile,,,18:53,18:53,,12/06/2025,12/06/2025,,,12/06/2025 18:53,12/06/2025 18:53,,,,
MH034174,Shri Bhausaheb Hire Government Medical College,Academic,Department of Medicine,Lecturer,Dhule,Maharashtra,India,424002,,,National,https://www.drsuryawanshiheartcare.com/site/profile,,,18:53:49,18:53:49,,12/06/2025,12/06/2025,,,12/06/2025 18:53,12/06/2025 18:53,,,,
MH034174,Shri Bhausaheb Hire Government Medical College,Academic,Department of Physiology,Assistant Lecturer,Dhule,Maharashtra,India,424002,,,National,https://www.drsuryawanshiheartcare.com/site/profile,,,18:53:49,18:53:49,,12/06/2025,12/06/2025,,,12/06/2025 18:53,12/06/2025 18:53,,,,
MH034174,"Wockhardt Hospitals, Nashik Clinic",Hospital,,Interventional Cardiologist,Nasik,Maharashtra,India,411040,,,National,https://www.drsuryawanshiheartcare.com/site/profile,,,18:53:49,18:53:49,,12/06/2025,12/06/2025,,,12/06/2025 18:53,12/06/2025 18:53,,,,
MH034174,Pioneer Hospital Nashik,Hospital,Cathlab,Director,Nasik,Maharashtra,India,422214,,,National,https://www.drsuryawanshiheartcare.com/site/profile,,,18:53:49,18:53:49,,12/06/2025,12/06/2025,,,12/06/2025 18:53,12/06/2025 18:53,,,,
MH034174,Sahyadri Super Speciality Hospital Nashik,Hospital,,Visiting Cardiologist,Nasik,Maharashtra,India,422001,,,National,https://www.drsuryawanshiheartcare.com/site/profile,,,18:53,18:53,,12/06/2025,12/06/2025,,,12/06/2025 18:53,12/06/2025 18:53,,,,
MH034174,"Apollo Hospital, Nashik",Hospital,,Visiting Cardiologist,Nasik,Maharashtra,India,422003,,,National,https://www.drsuryawanshiheartcare.com/site/profile,,,18:53,18:53,,12/06/2025,12/06/2025,,,12/06/2025 18:53,12/06/2025 18:53,,,,
MH034174,"Care Hospitals, Hyderabad",Hospital,Department of Cardiology,Junior Consultant,Hyderabad,Telangana,India,500034,,,National,https://www.drsuryawanshiheartcare.com/site/profile,,,18:53,18:53,,12/06/2025,12/06/2025,,,12/06/2025 18:53,12/06/2025 18:53,,,,
MH034918,College of Physician & Surgeons,Academic,Department of Diabetology,Post Graduate Teacher,Mumbai,Maharashtra,India,400012,,,National,https://www.practo.com/mumbai/doctor/dr-pradeep-talwalkar-diabetologist-2,,,18:49,18:49,,13/06/2025,13/06/2025,,,13/06/2025 18:49,13/06/2025 18:49,,,,
MH035120,Rajiv Gandhi Medical College and Chhatrapati Shivaji Maharaj Hospital,Hospital,Department of Endocrinology,Assistant Professor,Thane,Maharashtra,India,400605,1991,,National,https://www.practo.com/thane/doctor/dr-vijay-negalur-endocrinologist,,,17:55,17:55,,16/04/2025,16/04/2025,,,16/04/2025 17:55,16/04/2025 17:55,,,,
MH035126,B.J. Medical College,Academic,Department of Internal Medicine,Lecturer,Ahmedabad,Gujarat,India,380016,1995,1997,National,https://www.practo.com/pune/doctor/dr-aniruddha-tongaonkar-cardiologist,,,12:54,12:54,,14/06/2025,14/06/2025,,,14/06/2025 12:54,14/06/2025 12:54,,,,
MH035146,B.J. Medical College,Academic,Department of Internal Medicine,Assistant Professor,Ahmedabad,Gujarat,India,380016,2010,2012,National,https://www.practo.com/pune/doctor/dr-abhishek-karmalkar-general-physician,,,12:08,12:08,,14/06/2025,14/06/2025,,,14/06/2025 12:08,14/06/2025 12:08,,,,
MH038422,"Grant Medical College & Sir JJ Group of Hospitals, Mumbai",Hospital,,Assistant Professor,Mumbai,Maharashtra,India,400008,2015,2017,National,https://www.linkedin.com/in/dr-shriram-nawade-a32835b5/details/experience/?profileUrn=urn%3Ali%3Afsd_profile%3AACoAABiBioYBYfW_Qw6LKUrMT9wb7aXNLDnzK8M,,,9:42:14,9:42:14,,10/06/2025,10/06/2025,,,10/06/2025 9:42,10/06/2025 9:42,,,,
MH038422,"Grant Medical College & Sir JJ Group of Hospitals, Mumbai",Hospital,Department of Nephrology,Senior Resident,Mumbai,Maharashtra,India,400008,2012,2012,National,https://www.linkedin.com/in/dr-shriram-nawade-a32835b5/details/experience/?profileUrn=urn%3Ali%3Afsd_profile%3AACoAABiBioYBYfW_Qw6LKUrMT9wb7aXNLDnzK8M,,,9:42,9:42,,10/06/2025,10/06/2025,,,10/06/2025 9:42,10/06/2025 9:42,,,,
MH038422,"Grant Medical College & Sir JJ Group of Hospitals, Mumbai",Hospital,,Junior Resident,Mumbai,Maharashtra,India,400008,2009,2010,National,https://www.linkedin.com/in/dr-shriram-nawade-a32835b5/details/experience/?profileUrn=urn%3Ali%3Afsd_profile%3AACoAABiBioYBYfW_Qw6LKUrMT9wb7aXNLDnzK8M,,,9:42:14,9:42:14,,10/06/2025,10/06/2025,,,10/06/2025 9:42,10/06/2025 9:42,,,,
MH040693,B.J. Govt. Medical College and Sassoon General Hospital,Hospital,Department of Internal Medicine,Assistant Professor,Pune,Maharashtra,India,411001,2015,2016,National,https://www.practo.com/pune/doctor/dr-rahul-mahajan-1,,,9:16,9:16,,10/06/2025,10/06/2025,,,10/06/2025 9:16,10/06/2025 9:16,,,,
MH051107,People's Medical College and Research Centre,Academic,Endocrinology,Professor,Bhopal,Madhya Pradesh,India,462037,,,National,https://www.linkedin.com/in/jaideep-khare-6849aa73,,,17:45,17:45,,11/06/2025,11/06/2025,,,11/06/2025 17:45,11/06/2025 17:45,,,,
MH051107,People's College of Medical Sciences & Research Centre,Academic,Endocrinology,Associate Professor,Bhopal,Madhya Pradesh,India,462037,,,National,https://www.linkedin.com/in/jaideep-khare-6849aa73,,,17:45,17:45,,11/06/2025,11/06/2025,,,11/06/2025 17:45,11/06/2025 17:45,,,,
MH051107,MGM Medical College,Academic,Endocrinology,Assistant Professor,Mumbai,Maharashtra,India,410209,,,National,https://www.linkedin.com/in/jaideep-khare-6849aa73,,,17:45:44,17:45:44,,11/06/2025,11/06/2025,,,11/06/2025 17:45,11/06/2025 17:45,,,,
MH053228,Grant Government Medical College,Academic,Department of Cardiology,Assistant Professor,Mumbai,Maharashtra,India,400008,2017,2018,National,https://www.practo.com/mumbai/doctor/dr-hemant-khemani-cardiologist,,,14:47,14:47,,26/04/2025,26/04/2025,,,26/04/2025 14:47,26/04/2025 14:47,,,,
MH056720,Seth GS Medical College,Academic,Department of Cardiology,Assistant Professor,Mumbai,Maharashtra,India,400012,,,National,https://www.practo.com/thane/doctor/dr-ameya-amonkar-cardiologist-2,,,9:09,9:09,,10/06/2025,10/06/2025,,,10/06/2025 9:09,10/06/2025 9:09,,,,
MH059515,LTMG Medical College,Academic,Department of Cardiology,Professor,Mumbai,Maharashtra,India,400022,,,National,https://in.linkedin.com/in/milind-phadke-129588338,,,18:33:42,18:33:42,,13/06/2025,13/06/2025,,,13/06/2025 18:33,13/06/2025 18:33,,,,
MH072102,"Topiwala National Medical College, Mumbai ",Academic,Department of Endocrinology,Assistant Professor,Mumbai,Maharashtra,India,400008,2024,,National,https://www.linkedin.com/in/ankan-jha-518b31252/?originalSubdomain=in,,,18:26:10,18:26:10,,13/06/2025,13/06/2025,,,13/06/2025 18:26,13/06/2025 18:26,,,,
MH074621,Datta Meghe Institute of Medical Sciences,Academic,Department of General Medicine,Associate Professor,Wardha,Maharashtra,India,442001,,,National,https://www.researchgate.net/profile/Sandip-Mohale,,,12:26,12:26,,14/06/2025,14/06/2025,,,14/06/2025 12:26,14/06/2025 12:26,,,,
MH074786,"Dr. D. Y. Patil Medical College, Hospital & Research Centre",Hospital,Department of General Medicine,Assistant Professor,Pimpri-Chinchwad,Maharashtra,India,411018,,,National,https://medical.dpu.edu.in/medicine-faculty.aspx,,,18:01,18:01,,12/06/2025,12/06/2025,,,12/06/2025 18:01,12/06/2025 18:01,,,,
MH082683,NMC Specialty Hospital,Hospital,Interventional Cardiology,Consultant,Abu Dhabi,,United Arab Emirates,,,,International,https://www.drsanjayrajdev.com/about,,,18:29,18:29,,13/06/2025,13/06/2025,,,13/06/2025 18:29,13/06/2025 18:29,,,,
MH082683,Seven Hills Hospital,Hospital,,Consultant,Mumbai,Maharashtra,India,400059,,,National,https://www.drsanjayrajdev.com/about,,,18:29:36,18:29:36,,13/06/2025,13/06/2025,,,13/06/2025 18:29,13/06/2025 18:29,,,,
MH082683,Seven Hills Hospital,Hospital,Department of Cardiology,Head,Mumbai,Maharashtra,India,400059,,,National,https://www.drsanjayrajdev.com/about,,,18:29,18:29,,13/06/2025,13/06/2025,,,13/06/2025 18:29,13/06/2025 18:29,,,,
MH082683,Greater Kailash Hospital,Hospital,"Cardiac and Vascular Interventions, Department of Cardiology",Consultant,Indore,Madhya Pradesh,India,452018,,,National,https://www.drsanjayrajdev.com/about,,,18:29,18:29,,13/06/2025,13/06/2025,,,13/06/2025 18:29,13/06/2025 18:29,,,,
MH082683,"Eternal Heart Care, SK Soni Hospital",Hospital,"Cardiac and Vascular Interventions, Department of Cardiology",Consultant,Jaipur,Rajasthan,India,302017,,,National,https://www.drsanjayrajdev.com/about,,,18:29,18:29,,13/06/2025,13/06/2025,,,13/06/2025 18:29,13/06/2025 18:29,,,,
MP009987,Maître Dental College & Research Institute,Academic,,Assistant Professor,Indore,Madhya Pradesh,India,453112,2010,2016,National,https://www.practo.com/Raipur/doctor/jitendra-saraf-dentist,,,13:53,13:53,,25/04/2025,25/04/2025,,,25/04/2025 13:53,25/04/2025 13:53,,,,
MP010666,Bhopal Memorial Hospital & Research Centre,Hospital,Department of Cardiology,Assistant Professor,Bhopal,Madhya Pradesh,India,462038,2000,2007,National,https://www.practo.com/bhopal/doctor/dr-rk-singh-cardiologist?practice_id=933641&specialization=Pain%20in%20Left%20part%20of%20Chest&&category_name=symptom&category_id=157,,,15:06,15:06,,17/04/2025,17/04/2025,,,17/04/2025 15:06,17/04/2025 15:06,,,,
MP010666,Sri Venkateswara Institute Of Medical Sciences,Academic,Department of Cardiology,Assistant Professor,Tirupati,Andhra Pradesh,India,517507,1999,2000,National,https://www.practo.com/bhopal/doctor/dr-rk-singh-cardiologist?practice_id=933641&specialization=Pain%20in%20Left%20part%20of%20Chest&&category_name=symptom&category_id=157,,,15:06,15:06,,17/04/2025,17/04/2025,,,17/04/2025 15:06,17/04/2025 15:06,,,,
MP011077,Escorts Arneja Heart Institute,Academic,Department of Cardiology,Consultant,Nagpur,Maharashtra,India,440010,2005,2006,National,https://www.practo.com/bangalore/doctor/dr-alkesh-jain-cardiologist,,,12:10,12:10,,20/04/2025,20/04/2025,,,20/04/2025 12:10,20/04/2025 12:10,,,,
MP011077,Nizam's Institute Of Medical Sciences,Academic,Department of Cardiology,Assistant Professor,Hyderabad,Telangana,India,500082,2005,2005,National,https://www.practo.com/bangalore/doctor/dr-alkesh-jain-cardiologist,,,12:10,12:10,,20/04/2025,20/04/2025,,,20/04/2025 12:10,20/04/2025 12:10,,,,
OD002398,S.C.B. Medical College and Hospital cuttack,Hospital,Cardiology,Professor,Cuttack,Odisha,India,753001,,,National,https://www.justdial.com/Cuttack/Dr-L-N-Mohanty-MS-Surgery-DrNB-GI-Surgery-Associate-Professor-Surgery-Beside-SR-Hostel-Near-Cardiology-Department-Ranihat/0671PX671-X671-140221160021-F7S1_BZDET,,,17:18:46,17:18:46,,11/06/2025,11/06/2025,,,11/06/2025 17:18,11/06/2025 17:18,,,,
OD003880,Apollo Health Education and Research Foundation,Academic,Department of Cardiology,Adjunct Associate Professor,Hyderabad,Hyderabad,India,500033,2014,2017,National,https://www.practo.com/bhubaneswar/doctor/dr-prasant-kumar-sahoo-cardiologist-1,,,9:11:26,9:11:26,,10/06/2025,10/06/2025,,,10/06/2025 9:11,10/06/2025 9:11,,,,
OD003880,LTM Medical College and Sion Hospital,Hospital,Department of Cardiology,Associate Professor,Mumbai,Maharashtra,India,400022,1999,2001,National,https://www.practo.com/bhubaneswar/doctor/dr-prasant-kumar-sahoo-cardiologist-1,,,9:11,9:11,,10/06/2025,10/06/2025,,,10/06/2025 9:11,10/06/2025 9:11,,,,
OD004418,"All India Institute of Medical Sciences, Bhubaneswar",Hospital,Department of Cardiology,Associate Professor,Bhubaneswar,Odisha,India,751019,,,National,https://aiimsbhubaneswar.nic.in/facultyDirectory.aspx,,,18:17,18:17,,13/06/2025,13/06/2025,,,13/06/2025 18:17,13/06/2025 18:17,,,,
OD005824,Institute of Medical Sciences and Sum Hospital,Hospital,,Professor,Bhubaneswar,Odisha,India,751003,,,National,https://www.linkedin.com/in/shobhitendu-kabi-a62320192/?originalSubdomain=in,,,18:51,18:51,,12/06/2025,12/06/2025,,,12/06/2025 18:51,12/06/2025 18:51,,,,
OD006155,SCB Medical College & Hospital,Hospital,,Professor,Cuttack,Odisha,India,753001,,,National,https://scbmch.in/faculties/dr-m-r-behera/,,,9:24,9:24,,10/06/2025,10/06/2025,,,10/06/2025 9:24,10/06/2025 9:24,,,,
OD006894,"MKCG Medical College, Berhampur",Academic,,Professor,Berhampur,Odisha,India,760004,,,National,https://www.linkedin.com/in/prabeen-rath-497432178/,,,12:39,12:39,,14/06/2025,14/06/2025,,,14/06/2025 12:39,14/06/2025 12:39,,,,
OD006943,Kalinga Hospital,Hospital,,Interventional Cardiologist,Bhubaneswar,Odisha,India,751024,,,National,https://www.linkedin.com/in/dr-binaya-binakar/?originalSubdomain=in,,,17:39,17:39,,11/06/2025,11/06/2025,,,11/06/2025 17:39,11/06/2025 17:39,,,,
OD007388,S.C.B. Medical College and Hospital cuttack,Hospital,Department of Medicine,Assistant Professor,Cuttack,Odisha,India,753001,,,National,https://scbmch.in/faculties/dr-dipti-ranjan-darjee/,,,17:20:05,17:20:05,,11/06/2025,11/06/2025,,,11/06/2025 17:20,11/06/2025 17:20,,,,
OD007522,MKCG Medical College,Academic,,Junior Resident,Berhampu,Odisha,India,760004,,,National,https://www.linkedin.com/in/dr-siba-p-dalai-48b7b61b/,,,17:49,17:49,,11/06/2025,11/06/2025,,,11/06/2025 17:49,11/06/2025 17:49,,,,
OD010007,S.C.B. Medical College,Academic,,Medicine Specialist,Cuttack,Odisha,India,753001,,,National,https://www.linkedin.com/in/dr-sudhanshu-sekhar-panda-2a21b5140/?originalSubdomain=in,,,12:38:40,12:38:40,,14/06/2025,14/06/2025,,,14/06/2025 12:38,14/06/2025 12:38,,,,
OD010445,"MKCG Medical College, Berhampur",Academic,Department of Medicine,Assistant Professor,Berhampur,Odisha,India,760004,2018,,National,https://in.linkedin.com/in/dr-satya-ranjan-sethy-3a6b41141,,,17:27,17:27,,11/06/2025,11/06/2025,,,11/06/2025 17:27,11/06/2025 17:27,,,,
OD010445,"MKCG Medical College, Berhampur",Academic,Department of Medicine,Senior Resident,Berhampur,Odisha,India,760004,2018,,National,https://in.linkedin.com/in/dr-satya-ranjan-sethy-3a6b41141,,,17:27,17:27,,11/06/2025,11/06/2025,,,11/06/2025 17:27,11/06/2025 17:27,,,,
OD013402,SCB Medical College & Hospital,Hospital,,Assistant Professor,Cuttack,Odisha,India,753001,,,National,https://scbmch.in/faculties/dr-manoj-kumar-parida/,,,9:56,9:56,,10/06/2025,10/06/2025,,,10/06/2025 9:56,10/06/2025 9:56,,,,
PB011051,Dayanand Medical College & Hospital,Hospital,Department of Cardiology,Assistant Professor,Ludhiana,Punjab,India,141001,2013,2022,National,https://www.linkedin.com/in/dr-bhupinder-singh-bb04b776/,,,18:48,18:48,,12/06/2025,12/06/2025,,,12/06/2025 18:48,12/06/2025 18:48,,,,
PC000209,Pondicherry Institute of Medical Sciences,Academic,,Assistant Professor,Kalapet,Puducherry ,India,605014,2024,,National,https://www.linkedin.com/in/sathish-kumar-r-8a7268ab/,,,18:51:21,18:51:21,,12/06/2025,12/06/2025,,,12/06/2025 18:51,12/06/2025 18:51,,,,
PC000209,"Government Medical College, Kozhikode",Academic,,Senior Resident,Kozhikode,Kerala,India,673008,2023,2024,National,https://www.linkedin.com/in/sathish-kumar-r-8a7268ab/,,,18:51,18:51,,12/06/2025,12/06/2025,,,12/06/2025 18:51,12/06/2025 18:51,,,,
PC000209,"Government Medical College, Kozhikode",Academic,,Junior Resident,Kozhikode,Kerala,India,673008,2020,2023,National,https://www.linkedin.com/in/sathish-kumar-r-8a7268ab/,,,18:51,18:51,,12/06/2025,12/06/2025,,,12/06/2025 18:51,12/06/2025 18:51,,,,
RJ001897,Royal College of Physicians,Academic,,Physician,London,,United Kingdom,NW1 4LE,2023,2025,International,https://www.linkedin.com/in/hemant-chaturvedi-39a3a624/?originalSubdomain=in,,,12:08,12:08,,14/06/2025,14/06/2025,,,14/06/2025 12:08,14/06/2025 12:08,,,,
RJ005758,Grant Government Medical College,Academic,Department of Cardiology,Assistant Professor,Mumbai,Maharashtra,India,400003,2009,2019,National,https://www.practo.com/jodhpur/doctor/dr-ravi-inania-cardiologist,,,14:01,14:01,,29/04/2025,29/04/2025,,,29/04/2025 14:01,29/04/2025 14:01,,,,
TN012398,"Sree Balaji Medical College and Hospital, BIHER University",Academic,,Professor,Chennai,Tamil Nadu,India,600044,,,National,https://www.researchgate.net/profile/S-Gopalakrishnan-4,,,17:22,17:22,,11/06/2025,11/06/2025,,,11/06/2025 17:22,11/06/2025 17:22,,,,
TN024430,Madras Medical College,Academic,Department of Cardiology,Assistant Professor,Chennai,Tamil Nadu,India,600003,1998,2002,National,https://www.practo.com/chennai/doctor/dr-d-prabhakar-cardiologist,,,13:43,13:43,,18/04/2025,18/04/2025,,,18/04/2025 13:43,18/04/2025 13:43,,,,
TN026725,Government Royapettah Hospital,Hospital,Department of Cardiology,Assistant Professor,Chennai,Tamil Nadu,India,600014,2014,,National,https://www.practo.com/chennai/doctor/dr-r-hariharakrishnan-cardiologist-1,,,11:38,11:38,,21/04/2025,21/04/2025,,,21/04/2025 11:38,21/04/2025 11:38,,,,
TN026725,The Chennai Speciality Klinic,Academic,Department of Cardiology,Consultant,Chennai,Tamil Nadu,India,600090,2014,,National,https://www.practo.com/chennai/doctor/dr-r-hariharakrishnan-cardiologist-1,,,11:38,11:38,,21/04/2025,21/04/2025,,,21/04/2025 11:38,21/04/2025 11:38,,,,
TN026725,Thoothukudi Medical College,Academic,Department of Cardiology,Assistant Professor,Thoothukudi,Tamil Nadu,India,628008,2008,2010,National,https://www.practo.com/chennai/doctor/dr-r-hariharakrishnan-cardiologist-1,,,11:38,11:38,,21/04/2025,21/04/2025,,,21/04/2025 11:38,21/04/2025 11:38,,,,
TN040133,Sri Ramachandra University,Academic,Department of Cardiology,Associate Professor,Chennai,Karnataka,India,600116,2007,2014,National,https://www.practo.com/chennai/doctor/dr-p-manokar-cardiologist,,,12:14,12:14,,23/04/2025,23/04/2025,,,23/04/2025 12:14,23/04/2025 12:14,,,,
TN051055,"Sri Venkateshwaraa Medical College, Ariyur",Academic,Department of Internal Medicine,Assistant Professor,Ariyur,Puducherry,India,605107,2012,2015,National,https://www.practo.com/puducherry/doctor/dr-vijay-prasad-general-physician,,,18:15,18:15,,12/06/2025,12/06/2025,,,12/06/2025 18:15,12/06/2025 18:15,,,,
TN051055,Sri Venkateshwaraa Medical College & Hospital,Hospital,,Assistant Professor,Puducherry,Puducherry,India,605107,2012,2016,National,https://www.linkedin.com/in/vijay-prasad-25333889/?originalSubdomain=in,,,18:15,18:15,,12/06/2025,12/06/2025,,,12/06/2025 18:15,12/06/2025 18:15,,,,
TS002874,Nizam's Institute of Medical Sciences,Hospital,Department of Vascular Surgery,Assistant Professor,Hyderabad,Telangana,India,500082,,,National,https://www.skedoc.com/hyderabad/doctor/dr-anusha-arumalla-vascular-surgeon,,,9:34:29,9:34:29,,10/06/2025,10/06/2025,,,10/06/2025 9:34,10/06/2025 9:34,,,,
TS002884,NIMS HYDERABAD,Hospital,,Assistant Professor,Hyderabad,Telangana,India,500082,,,National,https://www.linkedin.com/in/ramakrishna-tella-3902b463/?originalSubdomain=in,,,18:16,18:16,,12/06/2025,12/06/2025,,,12/06/2025 18:16,12/06/2025 18:16,,,,
TS005000,Nizams Institute of Medical Sciences,Academic,Department of Cardiology,Associate Professor,Hyderabad,Telangana,India,500082,1988,1993,National,https://www.practo.com/hyderabad/doctor/dr-shailender-singh-cardiologist-1?practice_id=777490,,,18:47,18:47,,12/06/2025,12/06/2025,,,12/06/2025 18:47,12/06/2025 18:47,,,,
TS005000,Sree Chitra Tirunal Institute of Medical Sciences and Technology,Academic,Department of Cardiology,Senior Resident,Thiruvananthapuram,Kerala,India,695011,1985,1987,National,https://www.practo.com/hyderabad/doctor/dr-shailender-singh-cardiologist-1?practice_id=777490,,,18:47:51,18:47:51,,12/06/2025,12/06/2025,,,12/06/2025 18:47,12/06/2025 18:47,,,,
TS005009,Nizam's Institute of Medical Sciences,Hospital,Department of Cardiology,Associate Professor,Hyderabad,Telangana,India,500082,,,National,https://www.researchgate.net/profile/Nuthalapati-Kumari,,,18:28,18:28,,12/06/2025,12/06/2025,,,12/06/2025 18:28,12/06/2025 18:28,,,,
TS005976,MNR Group of Institution,Hospital,Department of Physiology and Diabetology,Professor,Kukatpally,Telangana,India,500085,,,National,https://www.practo.com/medak/clinic/sidhi-vinayaka-hospitals-sangareddy https://www.researchgate.net/profile/Nanda-Lg-2,,,18:58,18:58,,12/06/2025,12/06/2025,,,12/06/2025 18:58,12/06/2025 18:58,,,,
TS008127,Deccan Medical College,Academic,Department of Diabetology,Associate Professor,Hyderabad,Telangana,India,500002,2013,,National,https://www.practo.com/hyderabad/doctor/dr-mansoor-ali-khan-diabetologist,,,12:06,12:06,,28/04/2025,28/04/2025,,,28/04/2025 12:06,28/04/2025 12:06,,,,
TS008304,Mallareddy Institute Od Medical Sciences,Academic,Department of Internal Medicine,Assistant Professor,Hyderabad,Telangana,India,500055,2012,2014,National,https://www.practo.com/hyderabad/doctor/dr-c-nithya-general-physician/recommended?practice_id=689857&specialization=Fever&referrer=doctor_listing&category_name=symptom&category_id=1037,,,12:41,12:41,,24/04/2025,24/04/2025,,,24/04/2025 12:41,24/04/2025 12:41,,,,
TS008304,Narayana Medical College,Academic,Department of Internal Medicine,Assistant Professor,Nellore,Andhra Pradesh,India,524003,2009,2010,National,https://www.practo.com/hyderabad/doctor/dr-c-nithya-general-physician/recommended?practice_id=689857&specialization=Fever&referrer=doctor_listing&category_name=symptom&category_id=1037,,,12:41,12:41,,24/04/2025,24/04/2025,,,24/04/2025 12:41,24/04/2025 12:41,,,,
TS013150,NRI Academy of Medical Sciences,Academic,Department of Cardiology,Professor,Guntur,Andhra Pradesh,India,522503,2008,2021,National,https://www.practo.com/bangalore/doctor/dr-biju-govind-cardiologist,,,13:56,13:56,,17/04/2025,17/04/2025,,,17/04/2025 13:56,17/04/2025 13:56,,,,
TS013949,AIIMS Bibinagar,Hospital,Department of General Medicine,Assistant Professor,Bibinagar,Telangana,India,508126,,,National,https://aiimsbibinagar.edu.in/pdf/Faculty%20Biodata/Brief%20Biodata%20_GOLLA%20VAHINI.pdf,,,18:53,18:53,,12/06/2025,12/06/2025,,,12/06/2025 18:53,12/06/2025 18:53,,,,
TS021592,SVS Medical College,Academic,Department of Medicine,Associate Professor,Mahbubnagar,Telangana,India,509001,,,National,https://www.linkedin.com/in/rajendra-prasad-saligommula-60172419a/details/experience/,,,18:46:52,18:46:52,,13/06/2025,13/06/2025,,,13/06/2025 18:46,13/06/2025 18:46,,,,
TS021592,Acta Scientific Publications Private Limited,Academic,,Reviewer,Hyderabad,Telangana,India,500085,,,National,https://www.linkedin.com/in/rajendra-prasad-saligommula-60172419a/details/experience/,,,18:46,18:46,,13/06/2025,13/06/2025,,,13/06/2025 18:46,13/06/2025 18:46,,,,
TS021592,Royal Wolverhampton NHS Trust,Academic,,Senior Clinical Fellow,Wolverhampton,,United Kingdom,WV10 0QP,,,International,https://www.linkedin.com/in/rajendra-prasad-saligommula-60172419a/details/experience/,,,18:46,18:46,,13/06/2025,13/06/2025,,,13/06/2025 18:46,13/06/2025 18:46,,,,
TS022310,King George's Medical University,Academic,,Senior Resident,Lucknow,Uttar Pradesh,India,226003,2012,2015,National,https://www.linkedin.com/in/ajeya-mundhekar-155b19148/,,,18:39,18:39,,12/06/2025,12/06/2025,,,12/06/2025 18:39,12/06/2025 18:39,,,,
TS025461,Nizam's Institute of Medical Sciences,Hospital,,Assistant Professor,Hyderabad,Telangana,India,500082,,,National,https://www.linkedin.com/in/sreekhar-pentamsetty-74906a140/?originalSubdomain=in,,,18:39,18:39,,12/06/2025,12/06/2025,,,12/06/2025 18:39,12/06/2025 18:39,,,,
TS027305,Government Medical College & General Hospital,Hospital,Department of Cardiology,Assistant professor,Nizamabad,Telangana,India,503001,,,National,https://www.linkedin.com/in/dr-g-ravi-kiran-6371a79b/?originalSubdomain=in,,,18:01,18:01,,13/06/2025,13/06/2025,,,13/06/2025 18:01,13/06/2025 18:01,,,,
UK003004,Government medical college,Academic,Department of Medicine,Associate Consultant,Dehradun,Uttarakhand,India,248001,2013,2019,National,https://www.linkedin.com/in/dr-abhishek-rastogi-559398a8/?originalSubdomain=in,,,12:17,12:17,,14/06/2025,14/06/2025,,,14/06/2025 12:17,14/06/2025 12:17,,,,
UK003004,Government medical college,Academic,Department of Medicine,Assistant Professor,Dehradun,Uttarakhand,India,248001,2013,2019,National,https://www.linkedin.com/in/dr-abhishek-rastogi-559398a8/?originalSubdomain=in,,,12:17,12:17,,14/06/2025,14/06/2025,,,14/06/2025 12:17,14/06/2025 12:17,,,,
UK004696,F H Medical College,Academic,Department of Medicine,Associate Professor,Agra,Uttar Pradesh,India,283201,2011,2018,National,https://www.linkedin.com/in/dr-prem-narayan-vaish-716827172/?originalSubdomain=in,,,12:46,12:46,,14/06/2025,14/06/2025,,,14/06/2025 12:46,14/06/2025 12:46,,,,
UK004696,F H Medical College,Academic,Department of Medicine,Assistant Professor,Agra,Uttar Pradesh,India,283201,2011,2018,National,https://www.linkedin.com/in/dr-prem-narayan-vaish-716827172/?originalSubdomain=in,,,12:46,12:46,,14/06/2025,14/06/2025,,,14/06/2025 12:46,14/06/2025 12:46,,,,
UP000138,Sanjay Gandhi Postgraduate Institute of Medical Sciences,Hospital,Endocrinology,Assistant Professor,Lucknow,Uttar Pradesh,India,226014,,,National,https://sgpgims.org.in/Departments/Endocrinology/en/page/Faculty.html,,,17:10:50,17:10:50,,11/06/2025,11/06/2025,,,11/06/2025 17:10,11/06/2025 17:10,,,,
UP006649,Jubilee Mission Medical College and Research Institute,Hospital,,Assistant Professor,Thrissur,Kerala,India,680005,,,National,https://www.linkedin.com/in/jayakrishnan-c-menon-a554b426b/?originalSubdomain=in,,,12:15,12:15,,14/06/2025,14/06/2025,,,14/06/2025 12:15,14/06/2025 12:15,,,,
UP007991,King George's Medical University,Academic,,Professor,Lucknow,Uttar Pradesh,India,226003,2024,,National,https://www.linkedin.com/in/pravesh-vishwakarma-6385681b/,,,17:43:36,17:43:36,,11/06/2025,11/06/2025,,,11/06/2025 17:43,11/06/2025 17:43,,,,
UP007991,King George's Medical University,Academic,,Professor (Jr Grade)/Additional Professor,Lucknow,Uttar Pradesh,India,226003,2021,2025,National,https://www.linkedin.com/in/pravesh-vishwakarma-6385681b/,,,17:43:36,17:43:36,,11/06/2025,11/06/2025,,,11/06/2025 17:43,11/06/2025 17:43,,,,
UP007991,King George's Medical University,Academic,Department of Cardiology,Associate Professor,Lucknow,Uttar Pradesh,India,226003,2015,2021,National,https://www.linkedin.com/in/pravesh-vishwakarma-6385681b/,,,17:43,17:43,,11/06/2025,11/06/2025,,,11/06/2025 17:43,11/06/2025 17:43,,,,
UP007991,"King George's Medical University,",Academic,Department of Cardiology,Professor,Lucknow,Uttar Pradesh,India,226003,,,National,https://mymedisage.com/profile/dr-pravesh-vishwakarma-v12,,,17:43:36,17:43:36,,11/06/2025,11/06/2025,,,11/06/2025 17:43,11/06/2025 17:43,,,,
UP009560,Pushpanjali institute of cardiac sciences,Academic,Department of Cardiology,Head,Agra,Uttar Pradesh,India,282002,2014,2018,National,https://www.practo.com/agra/doctor/vinesh-jain-cardiologist,,,12:29,12:29,,14/06/2025,14/06/2025,,,14/06/2025 12:29,14/06/2025 12:29,,,,
UP027114,Banaras Hindu University,Academic,Department of Cardiology,Professor,Varanasi,Uttar Pradesh,India,221005,,,National,https://bhu.ac.in/Site/FacultyProfile/1_73?FA001207#faculty-product-tab1,,,18:16,18:16,,12/06/2025,12/06/2025,,,12/06/2025 18:16,12/06/2025 18:16,,,,
UP027169,Banaras Hindu University,Academic,General Medicine ,Assistant Professor,Varanasi,Uttar Pradesh,India,221005,,,National,https://bhu.irins.org/profile/109659,,,17:39:28,17:39:28,,11/06/2025,11/06/2025,,,11/06/2025 17:39,11/06/2025 17:39,,,,
UP029390,King George's Medical University,Academic,Cardiology,Professor,Lucknow,Uttar Pradesh,India,226003,,,National,https://www.researchgate.net/profile/Akshyaya-Pradhan,,,9:20,9:20,,10/06/2025,10/06/2025,,,10/06/2025 9:20,10/06/2025 9:20,,,,
UP029945,Dr. Ram Manohar Lohia Institute of Medical Sciences,Hospital,Cardiology,Assistant Professor Cardiology,Lucknow,Uttar Pradesh,India,226010,,,National,https://www.drrmlims.ac.in/newcv/drsudarshankmarvijay.pdf,,,9:25,9:25,,10/06/2025,10/06/2025,,,10/06/2025 9:25,10/06/2025 9:25,,,,
UP033756,Dr. Ram Manohar Lohia Institute of Medical Sciences,Hospital,Cardiology,Professor Jr,Lucknow,Uttar Pradesh,India,226010,,,National,https://www.drrmlims.ac.in/department/cardiology,,,9:27,9:27,,10/06/2025,10/06/2025,,,10/06/2025 9:27,10/06/2025 9:27,,,,
UP034028,J N MEDICAL COLLEGE,Hospital,Cardiology,Professor,Aligarh,Uttar Pradesh,India,202002,,,National,https://www.amu.ac.in/faculty/cardiology/malik-mohd-azharuddin,,,12:07:42,12:07:42,,14/06/2025,14/06/2025,,,14/06/2025 12:07,14/06/2025 12:07,,,,
UP042157,Government Medical College,Hospital,General Medicine,Associate Professor,Orai,Uttar Pradesh,India,285001,,,National,https://gmcjalaun.com/our-faculty/,,,9:12:37,9:12:37,,10/06/2025,10/06/2025,,,10/06/2025 9:12,10/06/2025 9:12,,,,
UP046986,Post Graduate Institute of Child Health,Academic,Cardiology,Assistant Professor,Noida,Uttar Pradesh,India,201310,,,National,https://www.linkedin.com/in/dr-siddharth-samrat-b6930138,,,18:24,18:24,,13/06/2025,13/06/2025,,,13/06/2025 18:24,13/06/2025 18:24,,,,
UP047651,Rama Medical College Hospital & Research Centre,Hospital,Department of Cardiology,Assistant Professor,Bhavanipur,Uttar Pradesh,India,209217,2009,2010,National,https://www.practo.com/kanpur/doctor/ritesh-gangwar-cardiologist,,,17:59,17:59,,15/04/2025,15/04/2025,,,15/04/2025 17:59,15/04/2025 17:59,,,,
UP048052,Mayo Institute Of Medical Sciences,Academic,Department of Internal Medicine,Assistant Professor,Barabanki,Uttar Pradesh,India,225001,2005,2015,National,https://www.practo.com/lucknow/doctor/dr-anurag-srivastava-1-general-physician-1,,,13:47,13:47,,18/04/2025,18/04/2025,,,18/04/2025 13:47,18/04/2025 13:47,,,,
UP054483,Grant Government Medical College,Academic,,Lecturer,Mumbai,Maharashtra,India,400008,2000,2000,National,https://www.linkedin.com/in/anshuljain1970/details/experience/,,,9:22,9:22,,10/06/2025,10/06/2025,,,10/06/2025 9:22,10/06/2025 9:22,,,,
UP054483,Post Graduate Institute of Medical Education & Research,Academic,Department of Cardiology,Senior Resident,Chandigarh,Chandigarh,India,160012,1996,1999,National,https://www.linkedin.com/in/anshuljain1970/details/experience/,,,9:22,9:22,,10/06/2025,10/06/2025,,,10/06/2025 9:22,10/06/2025 9:22,,,,
UP055666,Banaras Hindu University,Academic,,Assistant Professor,Varanasi,Uttar Pradesh,India,221005,,,National,https://scholar.google.com/citations?user=q0cmRGQAAAAJ&hl=en,,,17:24:54,17:24:54,,11/06/2025,11/06/2025,,,11/06/2025 17:24,11/06/2025 17:24,,,,
UP059580,King George's Medical University,Academic,Cardiology,Professor,Lucknow,Uttar Pradesh,India,226003,,,National,https://www.linkedin.com/in/monika-bhandari-729708b9,,,17:31,17:31,,11/06/2025,11/06/2025,,,11/06/2025 17:31,11/06/2025 17:31,,,,
UP063803,SMS Medical College,Academic,,Senior Resident,Jaipur,Rajasthan,India,302004,2015,2018,National,https://www.linkedin.com/in/vaibhav-saxena-a66692137/details/experience/,,,17:42,17:42,,11/06/2025,11/06/2025,,,11/06/2025 17:42,11/06/2025 17:42,,,,
UP063803,Muzaffarnagar Medical College,Academic,,Senior Resident,Bahadarpur,Uttar Pradesh,India,251001,2013,2015,National,https://www.linkedin.com/in/vaibhav-saxena-a66692137/details/experience/,,,17:42,17:42,,11/06/2025,11/06/2025,,,11/06/2025 17:42,11/06/2025 17:42,,,,
UP065494,L.P.S. Heart Disease Center,Academic,Department of Cardiology,Assistant Professor,Kanpur,Uttar Pradesh,India,208019,2016,2020,National,https://www.linkedin.com/in/dr-awadhesh-kumar-sharma-dm-facc-fscai-3b4612a2/?originalSubdomain=in,,,9:10:53,9:10:53,,10/06/2025,10/06/2025,,,10/06/2025 9:10,10/06/2025 9:10,,,,
UP068023,"Fortis Escorts Hospital, Faridabad",Hospital,,Ex-Additional Director,Faridabad,Haryana,India,121001,,,National,http://www.drvishalagarwal.com/about,,,18:44,18:44,,13/06/2025,13/06/2025,,,13/06/2025 18:44,13/06/2025 18:44,,,,
UP068023,"Fortis Escorts Hospital, Faridabad",Hospital,CTVS,Head,Faridabad,Haryana,India,121001,,,National,http://www.drvishalagarwal.com/about,,,18:44,18:44,,13/06/2025,13/06/2025,,,13/06/2025 18:44,13/06/2025 18:44,,,,
UP068023,Aakash Healthcare Super Speciality Hospital,Hospital,CTVS,Ex-Director,Dwarka,Delhi,India,110075,,,National,http://www.drvishalagarwal.com/about,,,18:44,18:44,,13/06/2025,13/06/2025,,,13/06/2025 18:44,13/06/2025 18:44,,,,
UP068023,Paras Hospitals - Gurgaon,Hospital,CTVS,Ex-Head,Gurugram,Haryana,India,122002,,,National,http://www.drvishalagarwal.com/about,,,18:44,18:44,,13/06/2025,13/06/2025,,,13/06/2025 18:44,13/06/2025 18:44,,,,
UP068023,Gangasheel Hospital,Hospital,,Ex-Medical Director,Bareilly,Uttar Pradesh,India,243122,,,National,http://www.drvishalagarwal.com/about,,,18:44,18:44,,13/06/2025,13/06/2025,,,13/06/2025 18:44,13/06/2025 18:44,,,,
UP068023,Gangasheel Hospital,Hospital,CTVS,Head,Bareilly,Uttar Pradesh,India,243122,,,National,http://www.drvishalagarwal.com/about,,,18:44,18:44,,13/06/2025,13/06/2025,,,13/06/2025 18:44,13/06/2025 18:44,,,,
UP068023,Yashoda Super Speciality Hospital,Hospital,,Ex-Senior Consultant,Ghaziabad,Uttar Pradesh,India,209217,,,National,http://www.drvishalagarwal.com/about,,,18:44,18:44,,13/06/2025,13/06/2025,,,13/06/2025 18:44,13/06/2025 18:44,,,,
UP068023,Sigma Group of Hospitals,Hospital,,Ex-Consultant,Hyderabad,Telangana,India,500012,,,National,http://www.drvishalagarwal.com/about,,,18:44,18:44,,13/06/2025,13/06/2025,,,13/06/2025 18:44,13/06/2025 18:44,,,,
UP068494,Rajarajeswari Medical College,Academic,Department of Internal Medicine,Assistant Professor,Kambipura,Karnataka,India,560074,2017,2018,National,https://www.practo.com/lucknow/doctor/anush-babu-takasi-general-physician,,,17:22,17:22,,18/04/2025,18/04/2025,,,18/04/2025 17:22,18/04/2025 17:22,,,,
WB000102,West Bengal Medical Education Service,Academic,Department of Physiology,Assistant Professor,Salt Lake,Kolkata,India,700091,,2012,National,https://www.linkedin.com/in/tamal-chakraborty-92564571/?originalSubdomain=in,,,12:48,12:48,,14/06/2025,14/06/2025,,,14/06/2025 12:48,14/06/2025 12:48,,,,
WB003377,Medical College Kolkata,Hospital,,Associate Professor,Kolkata,West Bengal,India,700073,,,National,https://www.medicalcollegekolkata.in/index.php?/main/faculty_details/697,,,12:21,12:21,,14/06/2025,14/06/2025,,,14/06/2025 12:21,14/06/2025 12:21,,,,
WB006275,IPGMER & SSKM Hospital,Academic,,Professor,Kolkata,West Bengal,India,700020,,,National,https://www.linkedin.com/in/dr-sankar-mandal-cardiologist-117b9335/?original_referer=https%3A%2F%2Fwww%2Egoogle%2Ecom%2F&originalSubdomain=in,,,12:56:56,12:56:56,,14/06/2025,14/06/2025,,,14/06/2025 12:56,14/06/2025 12:56,,,,
WB007492,R. G. Kar Medical College and Hospital,Hospital,,Assistant Professor,Kolkata,West Bengal,India,700004,,,National,https://www.researchgate.net/profile/Suvrendu-Kar,,,12:52,12:52,,14/06/2025,14/06/2025,,,14/06/2025 12:52,14/06/2025 12:52,,,,
WB016114,JNM HOSPITAL,Hospital,,Assistant Professor,Kalyani,West Bengal,India,741250,,,National,https://optfind.com/Doctors/DoctorDetails.php?docid=Asst-Prof-Dr-Anirban-Ghosh-Sugar-and-Stomach-Liver-Specialist,,,12:22,12:22,,14/06/2025,14/06/2025,,,14/06/2025 12:22,14/06/2025 12:22,,,,
WB018029,R G Kar Medical College,Hospital,,Associate Professor,Kolkata,West Bengal,India,700004,,,National,https://www.facebook.com/photo.php?fbid=122201777168035713&id=61551071390858&set=a.122095215206035713,,,12:11,12:11,,14/06/2025,14/06/2025,,,14/06/2025 12:11,14/06/2025 12:11,,,,
WB020632,Institute of Post Graduate Medical Education & Research,Academic,Department of Cardiology,Assistant Professor,Kolkata,West Bengal,India,700020,,,National,https://www.linkedin.com/in/manojit-lodha-73bb233a/,,,9:31,9:31,,10/06/2025,10/06/2025,,,10/06/2025 9:31,10/06/2025 9:31,,,,
WB023584,"Medical College, Kolkata",Academic,Department of Cardiology,Assistant Professor,Kolkata,West Bengal,India,700073,2016,2017,National,https://www.practo.com/kolkata/doctor/dr-avradip-santra-pulmonologist?practice_id=1263792&specialization=Pulmonary%20aspergillosis&referrer=doctor_listing&category_name=symptom&category_id=8742,,,11:41,11:41,,28/04/2025,28/04/2025,,,28/04/2025 11:41,28/04/2025 11:41,,,,
WB024693,Ramakrishna Mission Seva Pratishthan,Hospital,,Assistant Professor,Kolkata,West Bengal,India,711202,,,National,https://www.linkedin.com/in/santanu-dey-28363639/?originalSubdomain=in,,,18:46:07,18:46:07,,12/06/2025,12/06/2025,,,12/06/2025 18:46,12/06/2025 18:46,,,,
WB024794,Ramakrishna Mission Seva Pratishthan,Academic,,Assistant Professor,Kolkata,West Bengal,India,700026,2023,,National,https://www.linkedin.com/in/dr-tapas-laha-b269811ab/?originalSubdomain=in,,,17:06,17:06,,11/06/2025,11/06/2025,,,11/06/2025 17:06,11/06/2025 17:06,,,,
WB041615,Murshidabad Medical College and Hospital,Hospital,,Assistant Professor,Berhampore,West Bengal,India,742101,,,National,https://www.facebook.com/p/Dr-Mrinmoy-Adhikary-100077152778038/,,,17:49:45,17:49:45,,11/06/2025,11/06/2025,,,11/06/2025 17:49,11/06/2025 17:49,,,,
WB042658,JMN Medical College and Hospital,Hospital,,Associate Professor,Kolkata,West Bengal,India,741222,,,National,https://www.linkedin.com/in/dr-sabyasachi-roy-b5a293104/?originalSubdomain=in,,,12:23,12:23,,14/06/2025,14/06/2025,,,14/06/2025 12:23,14/06/2025 12:23,,,,
